,sentense,class
0,ุขุง ูุฑุฏุง ููุง ุงุจุฑ ุงุณุช,1
1,ููุง ูุฑุฏุง ุขููุฏุณุช,1
2,ุดุงุฎุต ุขููุฏฺฏ ฺูุฏู,1
3,ุนู ูุฑุฏุง ุจุงุฑูู ูุจุงุฑู,1
4,ูพุณ ฺฉ ุจุฑู ูุจุงุฑู,1
5,ููุงุดูุงุณ ุฏุฑ ููุฑุฏ ุขุจ ู ููุง ฺ ฺฏูุชู,1
6,ุดุจ ุงุณุช.,1
7,ุขููุฏฺฏ ููุง ุชูุฑุงู ุจู ฺู ุนูุช ุงุณุช,1
8,ููุง ูุณุจ ุงุฑุงู ูุณุจุช ุจู ุฑูุฒ ฺฏุฐุดุชู ฺู ุชุบุฑ ฺฉุฑุฏู ุงุณุช,1
9,ุฏูุง ููุง ฺูุฏุฑ ุงุณุช,1
10,ุขุง ููุชู  ุขูุฏู ุจุงุฑุงู ูโุจุงุฑุฏ,1
11,ุชุบุฑุงุช ุขุจ ู ููุง ูุณุจุช ุจู ููุชู  ฺฏุฐุดุชู ฺฺฏููู ุงุณุช,1
12,ุขุง ูุฑุฏุง ููุง ุงุจุฑุณุช,1
13,ุขุง ูุฑุฏุง ุจุงุฑุงู ูุจุงุฑุฏ,1
14,"ุงูุฑูุฒ ููุง ุณุฑุฏ ุชุฑ ุงุณุช.
ููุงุดูุงุณ ุฏุฑ ููุฑุฏ ููุง ูุฑุฏุง ฺู ูฺฏูุฏ",1
15,ุงูุฏูุงุฑู ููุง ุฏุฒู ููุชู ุขูุฏู ุจุฑู ุจุงุดุฏ,1
16,ุขุง ููุง ุขูุชุงุจ ุงุณุช,1
17,ุณุงุช ููุงุดูุงุณ ุฑุง ุจุฑุฑุณ ฺฉุฑุฏูโุง,1
18,ุขุง ุจุฑูุงููโ ููุงุดูุงุณ ุฑุง ุฏุฏ,1
19,ุขุง ูุฑุฏุง ููุง ฺฉุฑูุงู ุณุฑุฏ ูุดูุฏ,1
20,ฺฺฏููู ูุถุนุช ููุง ุฑุง ูุชูุงู ูพุด ุจู ฺฉุฑุฏ,1
21,ุขุง ุขุจ ู ููุง ฺฉุดูุฑ ูุฑูฺ ูุซู ุงุฑุงู ุงุณุช,1
22,ฺุฑุง ุฏุฑ ูุตู ุฒูุณุชุงู ูพูุณุช ุฏุณุช ุฎุดฺฉ ูุดูุฏ,1
23,ุขุง ูุฑุฏุง ููุง ฺฉุฑูุงู ุณุฑุฏ ูุดูุฏ,1
24,ฺฺฏููู ูุถุนุช ููุง ุฑุง ูุชูุงู ูพุด ุจู ฺฉุฑุฏ,1
25,ุขุง ุขุจ ู ููุง ฺฉุดูุฑ ูุฑูฺ ูุซู ุงุฑุงู ุงุณุช,1
26,ฺุฑุง ุฏุฑ ูุตู ุฒูุณุชุงู ูพูุณุช ุฏุณุช ุฎุดฺฉ ูุดูุฏ,1
27,"ฺฉุฑูโ ุฒูู ุฑูุฒ ุจู ุฑูุฒ ฺฏุฑูโุชุฑ ูโุดูุฏ.
ุขุง ููุง ุจุฑุง ูพุงุฏู ุฑู ููุงุณุจ ุงุณุช",1
28,ุณุฑุฏโุชุฑู ุฑูุฒ ุณุงู ฺู ุฑูุฒ ุงุณุช,1
29,ููุง ุจุฑูู ูุฑุฏุง  ุจุงุฑูู ุงุณุช,1
30,ููุง ุงูุฑูุฒ ุณุฑุฏ ุจูุฏ,1
31,ููุง ุณุฑุฏ ุดุฏู ู ููุช ุชุงุฒฺฏุง ุฏุงุฑู ูุฑุจูู ุตุฏูู ุจุฑู ูุฑู,1
32,ูุฑุฏุง ูู ููุง ูุซู ุงูุฑูุฒ ุจุงุฑููู,1
33,ูพุงุฑุณุงู ุงููุฏุฑ ููุง ุณุฑุฏ ูุจูุฏุ ุจูุฏ,1
34,ูุซู ุงูฺฉู ุงูุณุงู ููุง ุชูุฑุงู ูุฑุงุฑู ุงุฒ ููู  ุณุงู ูุง ูุจู ุณุฑุฏุชุฑ ุจุงุดู. ุจุงุฑุด ุจุฑู ุณุงู ูุดุชุงุฏ ู ูพูุฌ ุณูฺฏูุชุฑ ุจูุฏุ ุง ุจุงุฑุดูุง ุจุฑู ุงูุณุงู ูุฑุงุฑู ุณูฺฏูุชุฑ ุจุงุดู,1
35,ุทููุงูุชุฑู ุจุงุฑุด ุจุงุฑุงู ฺฉู ุชุง ุญุงูุง ุจูุฏูุ ฺูุฏ ุฑูุฒ ุจูุฏู,1
36,ุจุดุชุฑู ุงุฑุชูุงุน ฺฉู ุชุง ุจุญุงู ุจุฑู ุขูุฏู ฺูุฏุฑ ุจูุฏู ุงุณุช,1
37,ุจุฑุง ููุง ูุฑุฏุง ฺู ูุจุงุณ ููุงุณุจ ุงุณุช,1
38,ููุง ูุฑุฏุง ฺุทูุฑ ุงุณุช,1
39,ููุง ุขูุณุชุฑุฏุงู ูุนูููุง ฺฺฏููู ุณุช,1
40,ุขุง ููุง ุจุฑุง ูุงูฺฏุฑ ููุงุณุจ ุงุณุช,1
41,ุขุง ุฏุฑ ูพูุฌ ุฑูุฒ ุขุช ุ ุฏุฑ ุชูุฑุงู ุจุฑู ุฎูุงูุฏ ุขูุฏ,1
42,ฺุชุฑ ูุงุฒู ุฏุงุฑู,1
43,ุจุงุฑูู ูุงุฏ,1
44,ุฑฺฏุจุงุฑ ูโุฒูู,1
45,"ููุง ุฎู ุฎูุจู.
ููุง ุฏูโููุฑูโุณ.",1
46,ุขุง ุณู ุดูุจู ุจุงุฑุงู ูโุจุงุฑุฏ,1
47,ุขููุฏฺฏ ููุง ุงูุฑูุฒ ฺูุฏุฑ ุงุณุช,1
48,ุงู ููุง ุจุฑุง ุณฺฏุงุฑ ุฒุงุฏ ุนุงู ูุณุช,1
49,ุขุง ููุง ุจุงุฑุงู ุฑุง ุฏูุณุช ุฏุงุฑ,1
50,ุชู ุงู ููุง ุจูุชุฑู ฺู ูุจุงุณ ุจูพูุดู,1
51,ููุง ฺุทูุฑู,1
52,ููุง ฺฏุฑู ุจูุชุฑู ุง ุณุฑุฏ,1
53,ุชู ููุง ฺฏุฑู ูุจุงุณ ุฑูุดู ููพูุดู,1
54,ููุง ุงุฑุงู ฺฏุฑู ู ุฎุดฺฉู ุง ุณุฑุฏ ู ูุฑุทูุจ,1
55,ููุง ุจุงุฑูู ุทุฑูุฏุงุฑ ุจุดุชุฑ ุฏุงุฑู ุง ููุง ุขูุชุงุจ,1
56,ุขุจ ู ููุง  ฺฉุฑูุงู ุจุทูุฑ ฺฉู ฺฺฏููู ุงุณุช,1
57,ูุงูฺฏู ุจุงุฑูุฏฺฏ ุณุงูุงูู ุฏุฑ ุชูุฑุงู ฺูุฏุฑ ุงุณุช,1
58,"ูุฑุฏุง ููุง ุจุฑู ุฎูุงูุฏ ุจูุฏ . 
ุงุฒ ููุง ฺฏุฑู ุจุฒุงุฑู  
ููุง ุงฺฏู ุจุงุฑูู ุจูุฏ ูุง ุจุฑู ุจุฑูู",1
59,ุดูุฏู ููุชู ุจุนุฏ ููุง ูุฑุงุฑู ฺฏุฑู ุจุดู ุ ุฏุฑุณุชู,1
60,"ฺู ูุฏุฑ ููุง ุณุฑุฏ ุดุฏู
ููุง ููุง ุฏู ููุฑู ุงุณุช",1
61,ูุฑุฏุง ููุง ุณุฑุฏ ุงุณุช,1
62,ููุง ุณุฑุฏ ุจุฑุง ฺฉุงุดุช ฺู ููุน ุฏุฑุฎุช ูุชูุงุณุจ ุงุณุช,1
63,ุงุจ ู ููุง ุงู ููุทูู ฺฺฏููู ุงุณุช,1
64,ููุง ุชูุฑุงู ุฏุฑ ููุชู ูพุด ุฑู ฺฺฏููู ุงุณุช,1
65,ููุง ุงูุฑูุฒ ุณุฑุฏ ุจูุฏ,1
66,ฺุฑุง ููุง ุชูุฑุงู ููุดู ุขููุฏู ุงุณุช,1
67,ุขุง ููุง ุชูุฑุงู ูพุงฺฉุฒู ุฎูุงูุฏ ุจูุฏ ุฑูุฒ,1
68,ููุง ูู ฺู ฺฉู ุงุฒ ููุง ุชูุฑุงู ุฏุงุฑุฏ,1
69,ุขุง ุขุจ ุชูุฑุงู ุจูุชุฑ ุงุฒ ููุง ุขู ูุณุช,1
70,ุขุง ููุง ุชูุฑุงู ุฑุง ูุชูุงู ุชุญูู ฺฉุฑุฏ,1
71,ุจูุธุฑุช ุจูุชุฑู ุขุจ ู ููุง ุจุฑุง ฺฉุฏูู ูุตูู,1
72,ุขุจ ู ููุง ููุฑุฏ ุนูุงูุช ฺู,1
73,ุชู ุงู ุขุจ ู ููุง ูุจุงุณ ฺฏุฑู ููโูพูุด,1
74,ุขุจ ู ููุง ุงูุณุงู ุจุง ูพุงุฑุณุงู ุฎู ูุฑู ูุฏุงุฑู,1
75,ุขุจ ู ููุง ฺฉุฏูู ฺฉุดูุฑู ูโูพุณูุฏ,1
76,"ุขุง ุงูุฑูุฒ ุจุงุฑุงู ุขูุฏ
ุฏูุง ููุง ุดุจ ูุง ุจู ฺูุฏ ุฏุฑุฌู ู ุฑุณุฏ
ูุงฺฏู ุณุฑุนุช ุจุงุฏ ฺูุฏุฑ ุงุณุช
ฺฉุฌุง ุจุฑู ุขูุฏู ุงุณุช
ุขูุชุงุจุณุช ููุง ุง ฺฏุฑูุชุณุช ูููุฒ",1
77,ุขุณูุงู ุงูุฑูุฒ ุฑุดุช ุงุจุฑ ุงุณุช,1
78,ููุง ุงุฑุงู ูุนุชุฏู ุงุณุช.  ุขุง ุฏุฑูุฒ ููุง ููุดูุฑ ุจุงุฑุงู ุจูุฏ,1
79,ููุง ููุดูุฑ ุจุงุฑุงู ุงุณุช,1
80,ููุง ุงูุฑูุฒ ฺุทูุฑู,1
81,ุขุง ุชู ููุง ุขูุชุงุจ ุฑุง ุจุดุชุฑ ุงุฒ ุจุงุฑุงู ุฏูุณุช ุฏุงุฑ,1
82,ุจุฑุง ุงุฎุฑ ููุชู ููุงุดูุงุณ ฺู ูพุด ุจู ุง ฺฉุฑุฏู,1
83,ุขููุฏฺฏ ููุง ุชูุฑุงู ุฑู ุจู ุจูุจูุฏ ุงุณุช ุง ูู,1
84,ููุงุดูุงุณ ูุถุนุช ุงุณุชุงูโูุง ฺฉุดูุฑ ุฑู ฺฺฏููู ุงุนูุงู ฺฉุฑุฏ,1
85,ฺุฑุง ููุง ุชูุฑุงู ุขููุฏู ุงุณุช,1
86,ุขุง ููุง ุชูุฑุงู ุขููุฏู ุงุณุช,1
87,ูุฑุฏุง ููุง ุงููุงุฒ ฺูุฏ ุฏุฑุฌู ุงุณุช,1
88,ุขุง ููุง ุดูุดุชุฑ ฺฏุฑู ุงุณุช,1
89,ููุง ูุฒูู ุฏุฑ ููุชู  ุขูุฏู ุจุงุฑุงู ุงุณุช,1
90,ุจู ูุธุฑุช ููุง ุจุฑู ูุดฺฏู,1
91,ฺุฑุง ุงูุณุงู ฺฉูุชุฑ ุจุงุฑูู ุงููุฏ,1
92,ููุง ฺฏุฑู ุฑู ุจุดุชุฑ ุฏูุณ ุฏุงุฑ ุง ููุง ุณุฑุฏ,1
93,ููุง ุดูุงู ฺุทูุฑู,1
94,ุงฺฏุฑ ุจุงุฑูู ุจุงุฏ ุชุฑุงูฺฉ ูุดู,1
95,ุจู ูุธุฑุช ููุง ุจุฑู ูุดฺฏู,1
96,ฺุฑุง ุงูุณุงู ฺฉูุชุฑ ุจุงุฑูู ุงููุฏ,1
97,ููุง ฺฏุฑู ุฑู ุจุดุชุฑ ุฏูุณ ุฏุงุฑ ุง ููุง ุณุฑุฏ,1
98,ููุง ุดูุงู ฺุทูุฑู,1
99,ุงฺฏุฑ ุจุงุฑูู ุจุงุฏ ุชุฑุงูฺฉ ูุดู,1
100,ุจู ูุธุฑุช ููุง ุจุฑู ูุดฺฏู,1
101,ฺุฑุง ุงูุณุงู ฺฉูุชุฑ ุจุงุฑูู ุงููุฏ,1
102,ููุง ฺฏุฑู ุฑู ุจุดุชุฑ ุฏูุณ ุฏุงุฑ ุง ููุง ุณุฑุฏ,1
103,ููุง ุดูุงู ฺุทูุฑู,1
104,ุงฺฏุฑ ุจุงุฑูู ุจุงุฏ ุชุฑุงูฺฉ ูุดู,1
105,ุขุจ ู ููุง ุฏุงูุดฺฉุงู ุขุฒุงุฏ ุชูุฑุงู ฺฺฏููู ุงุณุช,1
106,ุฏูุง ุดูุฑ ุงุฏูโุขู ุดูุง ุจุฑุง ุฒูุฏฺฏ ฺูุฏ ุฏุฑุฌู ุงุณุช,1
107,ูพุดโุจู ููุงุดูุงุณ ุจุฑุง ุขุจ ู ููุง ูุฑุฏุง ฺฺฏููู ุงุณุช,1
108,ุขุจ ู ููุง ุขูุชุงุจ ุจูุชุฑ ุงุฒ ุขุจ ู ููุง ุงุจุฑ ุงุณุช,1
109,ููุง ูุฒุฏฺฉ ุธูุฑ ุจูุชุฑ ุงุฒ ุฏู ุบุฑูุจ ุงุณุช,1
110,ููุง ุดูุฑ ุดูุง ฺฺฏููู ุงุณุช,1
111,ููุง ุงุทุฑุงู ุดูุง ูู ุณุฑุฏ ุงุณุช,1
112,ุดูุจู ููุชู ุขูุฏู ููุง ฺูุฏ ุฏุฑุฌู ุงุณุช,1
113,ุขุจ ู ููุง ุณุงุฑ ุฏุฑ ุฏู ุฑูุฒ ุขูุฏู ฺฺฏููู ุงุณุช,1
114,ุดุงุฎุต ุขููุฏฺฏ ููุง ุชูุฑุงู ุงูุงู ฺูุฏุฑ ุงุณุช,1
115,ุณุฑุนุช ุจุงุฏ ุฏุฑ ุงูุจุฑุฒ ุงูุฑูุฒ ฺูุฏ ุจูุฏ,1
116,ุฑุทูุจุช ููุง ฺฏูุงู ุฏุฑ ุฑูุฒ ฺฏุฐุดุชู ฺูุฏ ุจูุฏู ุงุณุช,1
117,ุฏูุง ููุง ุงููุงุฒ ูุฑุฏุง ฺูุฏุฑ ูพุด ุจู ูุดูุฏ,1
118,ุขุง ููุง ูุฑุฏุง ุงุจุฑ ุงุณุช,1
119,ูพุงุฑุณุงู ููู ุชุงุฑุฎ ุขุจ ู ููุง ูพุงุฑุณ ฺฺฏููู ุจูุฏ,1
120,ฺฉ ุจุงุฑุงู ุฏุฑ ุชูุฑุงู ุจุงุฑุงู ู ุจุงุฑุฏ,1
121,ุขุง ูู ุงฺฉููู ุฑุดุช ูู ุจุงุฑุงู ุงุณุช,1
122,ูุฑุฏุง ุตุจุญ ุจุฑู ุฎูุงูุฏ ุจุงุฑุฏ,1
123,ฺูุฏุฑ ุฏุฑ ุทูู ุขุฐุฑูุงู ุฏุฑ ุชุจุฑุฒ ุจุงุฑุงู ุจุงุฑุฏ,1
124,ฺฉ ุจุงุฑุงู ุฏุฑ ุชูุฑุงู ุจุงุฑุงู ู ุจุงุฑุฏ,1
125,ุขุง ูู ุงฺฉููู ุฑุดุช ูู ุจุงุฑุงู ุงุณุช,1
126,ูุฑุฏุง ุตุจุญ ุจุฑู ุฎูุงูุฏ ุจุงุฑุฏ,1
127,ฺูุฏุฑ ุฏุฑ ุทูู ุขุฐุฑูุงู ุฏุฑ ุชุจุฑุฒ ุจุงุฑุงู ุจุงุฑุฏ,1
128,ุจุฑูู ููุง ฺุทูุฑ ุจูุฏ,1
129,ูุฑุฏุง ุจุงุฑููู,1
130,ุฏุฑูุฒ ููุง ูุดูุฏ ฺฺฏููู ุจูุฏ,1
131,ุฌูุนู ููุชู ุขูุฏู ููุง ูุดูุฏ ฺฺฏููู ุงุณุช,1
132,ุฏูุฑูุฒ ูุจู ููุง ูุดูุฏ ฺูุฏ ุฏุฑุฌู ุจูุฏ,1
133,ุดูุง ูู ุงุฒ ููุง ุณุฑุฏ ูุชููุฑุฏ,1
134,ุงูุงู ุงุจ ู ููุง ุฌุฒุงุฑ ูุงูุฏู ฺฺฏููู ุงุณุช,1
135,ูพุงุฑุณุงู ุณุฑุฏ ุจูุฏ,1
136,ุงูุณุงู ูุณุจุช ุจู ูพุงุฑุณุงู ุณุฑุฏุชุฑู,1
137,ุขุง ูุฑุฏุง ููุง ุงุจุฑุณุช,1
138,ุขุง ูุฑุฏุง ุจุงุฑุงู ูุจุงุฑุฏ,1
139,"ุงูุฑูุฒ ููุง ุณุฑุฏ ุชุฑ ุงุณุช.
ููุงุดูุงุณ ุฏุฑ ููุฑุฏ ููุง ูุฑุฏุง ฺู ูฺฏูุฏ",1
140,ฺฉ ูุฑุงุฑู ุจุฑู ุจุงุฏ,1
141,"ุฎู ููุง ุฏูู.
ุชู ฺู ูุตู ุฎูุจู ุขุฏู ุจุฑู ุณูุฑ",1
142,ุงุง ุงุจ ู ููุง ุชุง ุงุฎุฑ ุณุงู ูุฑุงุฑู ุจุงุฑูู ุจุงุดู,1
143,ฺุฑุง ุงููุฏฺฏ ููุง ุชููู ููุดู ุฏููุด ฺู,1
144,ฺุดุฏ ูุชููุณุชู ุจุฑุง ููุดู ุงุฒ ููุง ูพุงฺฉ ูุฐุช ุจุจุฑู ู ุฏฺฏู ุงููฺฏุฏ ูุจุงุดู,1
145,ฺุฑุง ุงููุฏ ููุง ุงููุฏู ุดุฏู,1
146,ุจุงุฑูู ุชุง ฺูุฏุดูุจู ุงุฏุงูู ุฏุงุฑู,1
147,ูพุดุจู ูุถุนุช ููุง ุชูุฑุงู ุจุฑุง ุขุฎุฑ ููุชู ุฏฺฏุฑ ฺฺฏููู ุงุณุช,1
148,ููุง ฺฉุงููุฑูุง ุฎูุจู,1
149,ุงูุณุงู ุชู ุงุฑุงู ฺูุฏ ูู ูุชุฑ ุจุงุฑูู ุงููุฏ,1
150,ุงูุงู ุชูุฑุงู ููุง ฺูุฏ ุฏุฑุฌู ุงุณุช,1
151,ฺฏุฑู ุชุฑู ุดูุฑ ุงูุฑูุฒ ุฌูุงู ฺฉุฌุง ุจูุฏ,1
152,ูพุฑ ุจุงุฑุงู ุชุฑู ุณุงู ุณุฏู ุงุฎุฑ ุฏุฑ ุงุฑุงู ฺู ุณุงูู,1
153,ูุถุน ฺฉู ููุง ฺู ุทูุฑู,1
154,ูุฑุฏุง ููุง ฺุทูุฑู,1
155,"ููุง ฺูุฏุฑ ุฎูุจู ุงูุฑูุฒ.
ุนุฌุจ ููุง ุฏู ููุฑู ุง๐คค
ููุง ุฏุฑูุฒ ฺูุฏุฑ ุณุฑุฏ ุจูุฏ
ููุง ุจุงุฑููู",1
156,ุขุง ููุง ูุฑุฏุง ุชูุฑุงูุ ุจุงุฑุงูุณุช,1
157,ููุง ููุชูโ ุขูุฏูโ ุจุฑูู ฺฺฏููู ุฎูุงูุฏ ุจูุฏ,1
158,ุขุง ูพุงุฒ ุงูุณุงูุ ุจุฑู ูโุจุงุฑุฏ,1
159,ุขุง ูพุงุฑุณุงู ูพุงุฒุ ุจุฑู ูโุจุงุฑุฏ,1
160,ุขุง ุชุงุจุณุชุงู ฺฏุฑู ุฏุฑ ุฑุงู ุงุณุช,1
161,ูุฑุฏุง ููุง ุณุฑุฏู,1
162,ููุง ุชูุฑุงู ฺฉุฑโุณุช.,1
163,ุขุง ูุฑุฏุง ููุง ุจุงุฑุงู ุงุณุช,1
164,ุฏุฑูุฒ ุฏุฑ ฺฉุฏุงู ุดูุฑ ุจุฑู ุจุงุฑุฏ,1
165,ููุง ุงุจุฑ ุฑุง ุฏูุณุช ุฏุงุฑ ุง ุขูุชุงุจ,1
166,ุฏุฑ ุงู ูู ฺุทูุฑ ุฑุงููุฏฺฏ ฺฉูู,1
167,ุจุง ุงู ุจุงุฑุงู ุงุญุชูุงู ุณู ฺูุฏุฑ ุงุณุช,1
168,ูุฑุฏุง ููุง ุขุจ ุจุงุฑุงู ุงุณุช,1
169,ุขุง ูุงูฺฏู ุจุงุฑูุฏฺฏ ุงูุณุงู ุงุฒ ุณุงู ูพุด ุจุดุชุฑ ุงุณุช,1
170,ุณุฑุฏ ุชุฑู ุฒูุณุชุงู ุชุงุฑุฎ ุงุฑุงู ฺู ุณุงู ุจูุฏู ุงุณุช,1
171,ุขููุฏฺฏ ููุง ุงูุฑูุฒ ฺู ูุฏุฑ ุงุณุช,1
172,ููุง ฺุทูุฑู,1
173,ุงูุฑูุฒ ุจุงุฑูู ูุงุฏ,1
174,ุงููู ุจุฑู ูพุงุฑุณุงู ฺฉ ุจูุฏ,1
175,ููุง ุชูุฑุงู ฺูุฏ ุฏุฑุฌู ุงุณุช,1
176,ูุถุนุช ููุง ููุชู ูพุด ุฑู ฺุฌูุฑู,1
177,ุขุง ููฺฉู ุงุณุช ฑฐ ุณุงู ุฏฺฏุฑ ููู ุฌุง ุจุฑู ุจุงุฏ,1
178,ุจุงุฑูู ูุงุฏ,1
179,ุณุฑุฏู,1
180,ููุง ุฏู ููุฑู ุงุณุช.,1
181,ููุง ูุฑุฏุง  ุจุงุฑุงูุณุช,1
182,ููุง ูุญู ุฒูุฏฺฏ ุชู ฺฺฏููู ุงุณุช,1
183,ููุง ุจุงุฑุงู ุฑุง ุฏูุณุช ุฏุงุฑ,1
184,ูุงูฺฏู ุฏุฑุฌู ููุง ุงูุณุงู ุชูุฑุงู ุฏุฑ ุชุงุจุณุชุงู ฺูุฏ ุจูุฏู ุงุณุช,1
185,ููุง ุฏุฑ ููุชู  ุขูุฏู ุฑู ุจู ุณุฑุฏ ูพุด ูุฑูุฏ,1
186,ููุชู ุจุนุฏ ููุง ุจูุดูุฑ ุจุงุฑุงู ุงุณุช,1
187,ูพุด ุจู ููุงุดูุงุณ ุจุฑุง ููุชู ุจุนุฏ ฺู ุจูุฏ,1
188,ุขุง ุฏุฑุง ุจุฑุง ฺูู ู ูุดุช ุณุงุนุช ุขูุฏู ููุงุฌ ุฎูุงูุฏ ุจูุฏ,1
189,ุงูุดุจ ููุง ุงุฑุฏุจู ุชุง ฺูุฏ ุฏุฑุฌู ุณุฑุฏ ูุดูุฏ,1
190,ูุงูฺฏู ุฏูุง ุงูุฑูุฒ ุชูุฑุงู ฺูุฏ ุฏุฑุฌู ุงุณุช,1
191,ุงูุฑูุฒ ููุง ฺุทูุฑู,1
192,ุขุง ููุง ุงูุฑูุฒ ุจุงุฑุงู ุงุณุช,1
193,ุงูุดุจ ููุง ฺูุฏุฑ ุณุฑุฏ ู ุดูุฏ,1
194,ุฏุฑูุฒ ููุง ุณุฑุฏ ุจูุฏ,1
195,ุขููุฏฺฏ ููุง ุงูุฑูุฒ ุฏุฑ ฺู ูุถุนุช ุงุณุช,1
196,ูุฑุฏุง ุขูุชุงุจ ู ุดูุฏ,1
197,ููุง ฺูุฏ ุฏุฑุฌู ุงุณุช,1
198,ุขุง ููุง ุขููุฏู ุงุณุช,1
199,ฺฉ ููุงโุจุงุฑุงู ุงุณุช,1
200,ูุฑุฏุง ููุง ุณุฑุฏ ุงุณุช,1
201,ููุง ุณุฑุฏ ุจุฑุง ฺฉุงุดุช ฺู ููุน ุฏุฑุฎุช ูุชูุงุณุจ ุงุณุช,1
202,ุงุจ ู ููุง ุงู ููุทูู ฺฺฏููู ุงุณุช,1
203,ููุง ุชูุฑุงู ุฏุฑ ููุชู ูพุด ุฑู ฺฺฏููู ุงุณุช,1
204,ฺุฑุง ุจุฑู ููุงุฏ,1
205,ฺุฑุง ุทููุงู ุดุฏู,1
206,ููุง ุงุทุฑุงู ุจูุฏุฑ ฺุทูุฑู,1
207,ุงููุฌุง ููุง ุณุฑุฏู ุง ูู,1
208,ููุงุด ุฎู ุดุฑุฌ ูุณุช ุจู ูุธุฑุช,1
209,ุขุง ุงูุฑูุฒ ูุงุฒ ุจู ฺุชุฑ ุฏุงุฑู,1
210,โ ุขุง ูุงุฒู ุงุณุช ฺฉุช ุจูพูุดู,1
211,ุขุง ุงูุฑูุฒ ููุง ุจุงุฑุงู ุงุณุช,1
212,ุขุง ุงูุฑูุฒ ุจุงุฑุงู ู ุจุงุฑุฏ,1
213,ุขุฎุฑู ุจุงุฑ ฺฉู ููุง ุจุงุฑุงู ุจูุฏุ ฺฉู ุจูุฏ,1
214,ุงูุฑูุฒ ููุง ุจู ุทุฑุฒ ุนุฌุจ ฺฏุฑู ุงุณุช  ุขุง ููุชู ุจุนุฏ ููุง ุขูุชุงุจ ูุดูุฏ,1
215,ููุง ุฏุฑ ูู ฺฉุฑู ุฌููุจ ฺฉุฑู ุฒูู ุงูุงู ฺฺฏููู ุงุณุช,1
216,ูุธุฑุช ุฏุฑุจุงุฑู ุขุจ ู ููุง ุฌุฒุงุฑ ููุงุฑ ฺุณุช,1
217,ุขุง ููุง ุทููุงู ูุดู,1
218,ุฏุฑูุฒ ุจุฑู ุจุงุฑุฏ,1
219,ุงูุงู ููุง ุฏุฑ ุฒูุฌุงู ุงุจุฑ ุงุณุช,1
220,ุชุง ฺฉ ูุฑุงุฑ ุงุณุช ุจุงุฑุงู ุจุจุงุฑุฏ,1
221,ูุฑุฏุง ููุง ฺุทูุฑ ุฎูุงูุฏ ุจูุฏ,1
222,ุขุง ุขุจ ู ููุง ุฒูุฌุงู ุณุฑุฏ ู ุฎุดฺฉ ุงุณุช,1
223,ุงู ุฌุง ููุง ุฎู ุฎูุจ ุงุณุช,1
224,ุงุฒ ฺฉุฌุง ุจุฏููู ููุง ฺูุฏ ุฏุฑุฌู ุณุช,1
225,ูู ฺฉู ุตุจุญ ุชุง ุดุจ ุชู ุฎููู ุฎูุฏูู ุญุจุณ ฺฉุฑุฏู (ุฏุฑ ูุงูุน ุญุจุณ ุดุฏู) ฺุฑุง ุจุงุฏ ุขุจ ู ููุง ุชุฎู ุชูุฑุงู ุง ูุฑ ุฌููู ุฏฺฏู ุง ุจู ุฌุงู ุจุงุดู,1
226,ุงูุฑูุฒ ููุง ุจุงุฑูู ุจูุฏ,1
227,ูุณุจุช ุจู ูพุงุฑุณุงู ุงููููุน ููุง ุชูุฑุงู ุณุฑุฏุชุฑ ุดุฏู,1
228,ุฏูุง ฺฉุฏูู ุดูุฑ ุงุฒ ููู ุชู ุงุฑุงู ฺฉูุชุฑู,1
229,ฺฉุฏุงู ฺฉุดูุฑ ุณุฑุฏุชุฑู ุขุจ ู ููุง ุฑุง ุฏุงุฑุฏ,1
230,ูุชููุน ุชุฑู ููุทูู ุงุฑุงู ุงุฒ ูุธุฑ ุขุจ ู ููุง ฺฉุฌุงุณุช,1
231,ฺฏุฑู ุชุฑู ุฑูุฒ ุชูุฑุงู ุฏุฑ ุณุงู ฺฏุฐุดุชู ฺู ุฑูุฒ ุจูุฏ,1
232,ูุงูฺฏู ุฏุฑุฌู ููุง ููุฏ ฺูุฏุฑ ุงุณุช,1
233,ุฏูุง ููุง ุชูุฑุงู ุฏุฑ ุท 10 ุณุงู ุงุฎุฑ ฺูุฏ ุฏุฑุฌู ุงูุฒุงุด ุงูุชู ุงุณุช,1
234,ููุง ฺฉ ููุชู ูพุด ุชูุฑูุชู ฺูุฏ ุฏุฑุฌู ุจูุฏ,1
235,ููุง ฺูุฏุฑ ุณุฑุฏูุ ูู,1
236,ููุง ุฎู ุชุงุฑฺฉู. ูุฑุฏุง ุขูุชุงุจู,1
237,ููุง ูุดูุฏ ฺุทูุฑู,1
238,ููุชูู ุขูุฏู ุจุฑู ูุงุฏ,1
239,ูุธุฑุช ุฑุงุฌุน ุจู ููุง ุงูุฑูุฒ ฺู,1
240,ููุง ุฏูููุฑูโุณ.  ุชู ุงู ููุง ุจูุชุฑ ูุณุช ุจุฑู ุจุฑูู,1
241,ููุง ู ฺฉู ุณุฑุฏ ูุดุฏู,1
242,ููุง ุดุฑุฌ ุบุฑูุงุจูโุชุญูููู.  ุจู ูุธุฑุช ุขุจโูููุง ูุฑุจูุท ุงุฒ ุงุณุชูุง ุจูุชุฑ ูุณุช,1
243,ุณุฑุฏุชุฑู ุฏูุง ุฏุฑ ููุฏุงู ฺูุฏ ุฏุฑุฌู ุจูุฏู ุงุณุช,1
244,ฺฉ ุฏูุจุงุฑู ุจุงุฑูู ู ุขุฏ,1
245,ฺุฑุง ุฎููู ุงููุฏุฑ ุณุฑุฏู,1
246,ูพุงุฑุณุงู ุงู ูููุน ุชูุฑุงู ุจุงุฑูู ุงููุฏ,1
247,ุขุฎุฑู ุจุงุฑ ฺฉู ุจุงุฑูู ุงููุฏ ฺฉ ุจูุฏ,1
248,ููุง ูุฑุงุฑู ุณุฑุฏ ุจุดู,1
249,ููุง ููุท ุงุจุฑู ุง ุจุงุฑูู ูุฎูุงุฏ ุจุงุฏ,1
250,ููุง ฺูุฏ ุฏุฑุฌู ุณ,1
251,ุจูุชุฑู ููุง ุฑู ุงูุงู ฺฉุฌุง ุฏุงุฑู,1
252,ุงูุฑูุฒ ููุง ฺุทูุฑู,1
253,ููุง ฺูุฏ ุฏุฑุฌุณุช,1
254,ุจูุธุฑุช ุงุฒ ุณุงู ูพุด ุณุฑุฏุชุฑ ูุณุช,1
255,ุงูุฑูุฒ ุจุงุฑูู ูุงุฏ,1
256,ููุชู ูพุด ฺฏุฑูโุชุฑ ูุจูุฏ,1
257,ุขุจ ู ููุง ููุชู ุขูุฏู ุฑูุณูุฌุงู ฺุทูุฑ ุงุณุช,1
258,ูุฒุงู ุจุงุฑุด ุจุงุฑุงู ฺูุฏ ูููุชุฑ ฺฏุฒุงุฑุด ุดุฏ,1
259,ุงุง ุงู ุณุงูุงูู ุจุงุฑุด ูพุงุฏุงุฑ ุฎูุงูุฏ ูุงูุฏ,1
260,ุงุง ุงูฺฉุงู ุจุงุฑุด ุจุฑู ูุฌูุฏ ุฏุงุฑุฏ,1
261,ุทููุงู ุงูุฑูุฒ ุงูุฑฺฉุง ฺูุฏุฑ ุฎุณุงุฑุช ุฏุงุดุชู,1
262,ุขุจ ู ููุง ููุชู ุขูุฏู ุฑูุณูุฌุงู ฺุทูุฑ ุงุณุช,1
263,ูุฒุงู ุจุงุฑุด ุจุงุฑุงู ฺูุฏ ูููุชุฑ ฺฏุฒุงุฑุด ุดุฏ,1
264,ุงุง ุงู ุณุงูุงูู ุจุงุฑุด ูพุงุฏุงุฑ ุฎูุงูุฏ ูุงูุฏ,1
265,ุงุง ุงูฺฉุงู ุจุงุฑุด ุจุฑู ูุฌูุฏ ุฏุงุฑุฏ,1
266,ุทููุงู ุงูุฑูุฒ ุงูุฑฺฉุง ฺูุฏุฑ ุฎุณุงุฑุช ุฏุงุดุชู,1
267,ููุง ฺุทูุฑู,1
268,ฺู ุฒูุงู ุงุฐุงู ูุบุฑุจ ุดุฑูุน ูโุดูุฏ,2
269,ุงุฐุงู ฺฉู,2
270,ุทููุน ุขูุชุงุจ ุณุงุนุช ฺูุฏู,2
271,ุงุฐุงู ุธูุฑู ฺฏูุชู,2
272,ุณุงุนุช ฺูุฏ ุงูุทุงุฑ ูุดู,2
273,ฺูุฏุฑ ูููุฏู ุชุง ุบุฑูุจ ุขูุชุงุจ,2
274,ูุจู ุงุฒ ุดุจ ูุจุงุดุฏ,2
275,ุงุฐุงู ุตุจุญ ฺู ุณุงุนุชโุณุช,2
276,ุงุฎุชูุงู ุฒูุงู ุงุฐุงู ุธูุฑ ุดูุฑ ุชูุฑุงู ู ูุดูุฏ ฺูุฏุฑ ุงุณุช,2
277,ุงุฐุงู ุตุจุญ ฺู ุณุงุนุชโุณุช,2
278,ุงุฎุชูุงู ุฒูุงู ุงุฐุงู ุธูุฑ ุดูุฑ ุชูุฑุงู ู ูุดูุฏ ฺูุฏุฑ ุงุณุช,2
279,ุงุฐุงู ุตุจุญ ุฎู ุฒูุฏ ุงุณุช,2
280,ฺู ุณุงุนุช ุบุฑูุจ ุขูุชุงุจ ุจู ุงูู ุชูุฑุงู ุงุณุช,2
281,ฺู ุณุงุนุช ูููโุดุจ ุดุฑุน ุจู ุงูู ุชูุฑุงู ุงุณุช,2
282,ููุจุน ูุนุชุจุฑ ุงุนูุงู ุงููุงุช ุดุฑุน ฺุณุช,2
283,ฺู ุฒูุงู ุจุฑุง ุฎูุงูุฏู ููุงุฒ ุตุจุญ ููุงุณุจ ุงุณุช,2
284,ุขุง ุงุฐุงู ุธูุฑ ุณุงุนุช 12 ุงุณุช,2
285,ุตุจุญ ฺฉ ูุถุง ูุดู,2
286,ููุงุฒ ุดุจ ุฑุง ุจุงุฏ ฺู ุฒูุงู ุจุฎูุงูู,2
287,ุงุฐุงู ุตุจุญ ุจู ุงูู ุชูุฑุงู ฺู ุฒูุงูโุณุช,2
288,ฺู ูุฑู ุฏุงุฑุฏ ุงุฐุงู ฺฉ ุจุงุดุฏ,2
289,ุขูุชุงุจ ฺฉ ุทููุน ูฺฉูู,2
290,ุงุฒ ฺู ุณุงุช ูุดู ุงููุงุช ุดุฑุนู ูพุฏุง ฺฉุฑุฏ,2
291,ุงุฐุงู ุตุจุญ ุฑุง ฺฉ ุฎูุงูุฏูุฏ,2
292,ุจุนุฏ ุงุฒ ุงุฐุงู ุธูุฑ ุฏุฑ ููุงุฒุฎุงูู ููุงุฒฺฏุฒุงุฑ ฺฉููุ ุง ุฏุฑ ูุณุฌุฏ,2
293,ุงุฐุงู ุตุจุญ ุฑุง ฺฉ ุฎูุงูุฏูุฏ,2
294,ุจุนุฏ ุงุฒ ุงุฐุงู ุธูุฑ ุฏุฑ ููุงุฒุฎุงูู ููุงุฒฺฏุฒุงุฑ ฺฉููุ ุง ุฏุฑ ูุณุฌุฏ,2
295,ุชูุงูุช ุฒูุงู ุจู ุบุฑูุจ ุขูุชุงุจ ู ุงุฐุงู ูุบุฑุจ ฺูุฏุฑ ุงุณุช,2
296,ุงุฐุงูู,2
297,ุชุง ฺฉ ูุดู ููุงุฒ ุฎููุฏ,2
298,"ููุงุฒู ูุถุง ุดุฏ.
ฺฉ ุณุงุนุช ุจุฐุงุฑู ุจุฑุง ููุงุฒ",2
299,ุณุงุนุช ฺฏุฐุงุดุช ุจุฑุง ุณุญุฑ,2
300,ุงูุทุงุฑ ฺฉู,2
301,ูุงู ุฑูุถูู ุงูุณุงูู ฺฉู ุชู ุชุงุจุณุชููู.,2
302,ุขุง ููุงุฒู ูุถุง ุดุฏู ุงุณุช,2
303,ุชุง ฺู ุณุงุนุช ูุฑุตุช ุฏุงุฑู ููุงุฒ ุจุฎูุงูู,2
304,ฺูุฏ ุณุงุนุช ุฏฺฏุฑ ูโุชูุงูู ุงูุทุงุฑ ฺฉูู,2
305,ุงุฐุงู ุตุจุญ ุณุงุนุช ฺูุฏ ุงุณุช,2
306,ุงุฐุงู ุตุจุญ ฺฉู,2
307,ูุงุตูู ุงุฐุงู ุตุจุญ ุชุง ุทููุน ุฎูุฑุดุฏ ฺูุฏุฑู,2
308,ุทููุน ุฎูุฑุดุฏ ูุฑุฏุง ฺฉุฑูุงู ฺู ุฒูุงู ุงุณุช,2
309,ูุฑุฏุง ุงุฐุงู ุตุจุญ ฺู ุณุงุนุชู,2
310,ููู ุดุจ ุดุฑุน ฺู ุณุงุนุชู,2
311,"ูู ุฏุฑูุฒ ุจุฑุง ููุงุฒ ุตุจุญ ุฎูุงุจ ูููุฏู 
ุงุฐุงู ุธูุฑ ุงุตููุงู ู ุชูุฑุงู ฺูุฏุฑ ุงุฎูุงู ุฏุงุฑู",2
312,"ููุงุฒ ูุถุง ูุดู
ุงุฐุงู ุตุจุญ ฺฉ ูุณุช",2
313,ุงุฐุงู ุตุจุญ ุฏุฑ ูุดูุฏ ฺู ุฒูุงู ุงุณุช,2
314,ุฑูุฒู ุฏุฑ ฺู ุตูุฑุช ุจุงุทู ูุดูุฏ,2
315,ุงุตูู ูุถูุน ฺฺฏููู ุงุณุช,2
316,ููุงุฒ ุดฺฉุณุชู ุฏุฑ ฺู ุตูุฑุช ุงุณุช,2
317,ุขูุชุงุจ ฺฉ ุทููุน ูฺฉูู,2
318,ฺุฑุง ุงููุงุช ุดุฑุน ููุงุทู ูุฎุชูู ุชุง ุงู ุญุฏ ูุชูุงูุช ุงุณุช,2
319,ุฒูุงู ูุง ุฏูู ุงููุงุช ุดุฑุน ุจู ฺู ุตูุฑุช ุชุนู ูโุดููุฏ,2
320,ฺุฑุง ุฏุฑ ูุงู ุฑูุถุงู ุณุฑุนุช ุญุฑฺฉุช ุงุฐุงู ุตุจุญ ุฎู ุฒุงุฏ ุงุณุช,2
321,ุงุฐุงู ุตุจุญ ุชูุฑุงู ุฏุฑูุฒ ฺู ุฒูุงู ุจูุฏ,2
322,ุงุฐุงู ุธูุฑ ุดุฑุงุฒ ูุฑุฏุง ฺู ุฒูุงู ุงุณุช,2
323,ุงุฐุงู ูุบุฑุจ ุณุงุนุช ฺูุฏู,2
324,ุงุฐุงู ุธูุฑ ฺูุฏ ููุง ฺฏุฑูู,2
325,ุชุฑุฌุญ ูุฏ ุงุฐุงู ูุบุฑุจ ุฏุฑุชุฑ ุจุงุดู ุง ุฒูุฏุชุฑ,2
326,ูุจู ุงุฒ ุงุฐุงู ูุบุฑุจ ูโุฑุณ ุฎููู,2
327,ุงุฐุงู ุดูุฑุชูู ฺูุฏ ุฏูู ุจุง ุงูุฌุง ูุงุตูู ุฏุงุฑู,2
328,ุงุฐุงู ูุบุฑุจ ุณุงุนุช ฺูุฏู,2
329,ุงุฐุงู ุธูุฑ ฺูุฏ ููุง ฺฏุฑูู,2
330,ุชุฑุฌุญ ูุฏ ุงุฐุงู ูุบุฑุจ ุฏุฑุชุฑ ุจุงุดู ุง ุฒูุฏุชุฑ,2
331,ูุจู ุงุฒ ุงุฐุงู ูุบุฑุจ ูโุฑุณ ุฎููู,2
332,ุงุฐุงู ุดูุฑุชูู ฺูุฏ ุฏูู ุจุง ุงูุฌุง ูุงุตูู ุฏุงุฑู,2
333,ุชูุงูุช ุงููุงุช ุดุฑุน ููู ุดุจ ุชูุฑุงู ู ุชุจุฑุฒ ฺูุฏุฑ ุงุณุช,2
334,ุงุฐุงู ุตุจุญ ุจู ููุช ุชูุฑุงู ฺู ุณุงุนุช ูุณุชุด,2
335,ุงุฐุงู ูุบุฑุจ ุงุนูุงู ุดุฏู,2
336,ุงุฐุงู ุตุจุญ ุงูุฌุง ุฒูุฏุชุฑ ุงุฒ ุชูุฑุงู ูุณุชุด,2
337,ุงุฐุงู ุธูุฑ ุฑู ฺฉ ูฺฏู,2
338,ุงุฐุงู ุตุจุญ ูุฑุฏุง ุฏุฑ ฺฉุฑูุงู ฺู ุณุงุนุช ุงุณุช,2
339,ุดูุฑ ูู ุงูู ุจุง ุชูุฑุงู ฺฉุฌุงุณุช,2
340,ููู ุดุจ ุดุฑุน ูพุงุฒ ู ุฒูุณุชุงู ุจุง ูู ูุชูุงูุช ุงุณุช,2
341,ฺุฑุง ุงุฐุงู ูุบุฑุจ ุชูุฑุงู ุจุง ุงุตููุงู ูุฑู ุฏุงุฑู,2
342,ููู ุดุจ ุดุฑุน ฺฺฏููู ูุญุงุณุจู ู ุดูุฏ,2
343,ููุงุฒ ุตุจุญ ุฏุฑ ุชูุฑุงู ฺู ุณุงุนุช ูุถุง ู ุดูุฏ,2
344,ุงุฐุงู ุธูุฑ ุจู ุงูู ุดูุดุชุฑ ฺู ุณุงุนุช ุงุณุช,2
345,ุฏุฑ ุงููุงุฒ ุงุฐุงู ูุบุฑุจ ุฒูุฏุชุฑ ุงุณุช ุง ุดูุดุชุฑ,2
346,ุงุฐุงู ุตุจุญ ุจู ุงูู ูุฒูู ุฏุฑ ุชุงุฑุฎ ฑท ุขุฐุฑ ฺู ุณุงุนุช ุงุณุช,2
347,ุงุฐุงู  ุตุจุญ ูุฑุฏุง ุณุงุนุช ฺูุฏู,2
348,ฺูุฏุฑ ุชุง ุงุฐุงู ูุบุฑุจ ูููุฏู,2
349,ููู ุดุจ ุดุฑุน ูุฑุฏุง ุดุจ ุชูฺฉู ฺู ุณุงุนุช ุงุณุช,2
350,ฺุฑุง ุงุฐุงู ููฺฏู,2
351,ุงุฒ ุงุฐุงู ูุง ุชุง ุงุฐุงู ุดูุง ฺูุฏุฑ ุงุณุช,2
352,ุงุฐุงู  ุตุจุญ ูุฑุฏุง ุณุงุนุช ฺูุฏู,2
353,ฺูุฏุฑ ุชุง ุงุฐุงู ูุบุฑุจ ูููุฏู,2
354,ููู ุดุจ ุดุฑุน ูุฑุฏุง ุดุจ ุชูฺฉู ฺู ุณุงุนุช ุงุณุช,2
355,ฺุฑุง ุงุฐุงู ููฺฏู,2
356,ุงุฒ ุงุฐุงู ูุง ุชุง ุงุฐุงู ุดูุง ฺูุฏุฑ ุงุณุช,2
357,ุงุฐุงู  ุตุจุญ ูุฑุฏุง ุณุงุนุช ฺูุฏู,2
358,ฺูุฏุฑ ุชุง ุงุฐุงู ูุบุฑุจ ูููุฏู,2
359,ููู ุดุจ ุดุฑุน ูุฑุฏุง ุดุจ ุชูฺฉู ฺู ุณุงุนุช ุงุณุช,2
360,ฺุฑุง ุงุฐุงู ููฺฏู,2
361,ุงุฒ ุงุฐุงู ูุง ุชุง ุงุฐุงู ุดูุง ฺูุฏุฑ ุงุณุช,2
362,ุงุฐุงู ูุบุฑุจ ุจู ุงูู ฺฉุงุฎ ุณูุฏ ุณุงุนุช ฺูุฏ ุงุณุช,2
363,ููุงุฒ ุธูุฑ ู ุนุตุฑ ุงูุฑูุฒ ุณุงุนุช ฺูุฏ ูุถุง ูโุดูุฏ,2
364,ููู ุดุจ ุดุฑุน ุงูุดุจ ุณุงุนุช ฺูุฏ ุงุณุช,2
365,ุงุฎุชูุงู ุณุงุนุช ุงุฐุงู ูุบุฑุจ ู ุตุจุญ ฺูุฏ ุณุงุนุช ุงุณุช,2
366,ุงุฐุงู ุธูุฑ ฺู ุณุงุนุช ุงุณุช,2
367,ููุงุฒ ุตุจุญ ฺู ุณุงุนุช ูุถุง ูโุดูุฏ,2
368,ุงุฐุงู ูุบุฑุจ ุจู ุงูู ุงููุงุฒ ฺูุฏ ุงุณุช,2
369,ุงุฐุงู ุตุจุญ ุณุงุฑ ูุฑุฏุง ฺู ุณุงุนุช ุงุณุช,2
370,ุบุฑูุจ ุขูุชุงุจ ุชูุฑุงู ุงูุฑูุฒ ฺู ุฒูุงู ุงุณุช,2
371,ุทููุน ุฎูุฑุดุฏ ูุฑุฏุง ุฏุฑ ูุณฺฉู ุฏุฑ ฺู ุณุงุนุช ุงุณุช,2
372,ุงุฐุงู ูุบุฑุจ ูุฑุฏุง ุจู ุงูู ููุฏู ฺู ุฒูุงู ุงุณุช,2
373,ุงุฎุชูุงู ุฒูุงู ุจู ุงุฐุงู ุตุจุญ ุชุจุฑุฒ ุจุง ุงุฐุงู ุตุจุญ ูุดูุฏ ฺูุฏุฑ ุงุณุช,2
374,ุงุฐุงู ุตุจุญ ุฑุดุช ฺู ุฒูุงู ุงุณุช,2
375,ุฏุฑ ฺฉุฏุงู ุดูุฑ ุฒูุฏุชุฑ ุงุฐุงู ุฒุฏู ู ุดูุฏ,2
376,ุงุฐุงู ุตุจุญ ฺฉ ูุฑู ุขูุฏู ุฏุฑ ูุดูุฏ ฺู ุฒูุงู ุฎูุงูุฏ ุจูุฏ,2
377,ุงุฐุงู ุตุจุญ ุชุง ุงุฐุงู ูุบุฑุจ ฺูุฏุฑ ูุงุตูู ุฏุงุฑุฏ,2
378,ุงุฐุงู ุตุจุญ ุฏุฑ ูุณ ุขูุฌูุณ ฺู ุฒูุงู ุงุณุช,2
379,ุฏุฑ ฺฉุฏุงู ุดูุฑ ุฒูุฏุชุฑ ุงุฐุงู ุฒุฏู ู ุดูุฏ,2
380,ุงุฐุงู ุตุจุญ ฺฉ ูุฑู ุขูุฏู ุฏุฑ ูุดูุฏ ฺู ุฒูุงู ุฎูุงูุฏ ุจูุฏ,2
381,ุงุฐุงู ุตุจุญ ุชุง ุงุฐุงู ูุบุฑุจ ฺูุฏุฑ ูุงุตูู ุฏุงุฑุฏ,2
382,ุงุฐุงู ุตุจุญ ุฏุฑ ูุณ ุขูุฌูุณ ฺู ุฒูุงู ุงุณุช,2
383,ุงุฐููู ฺฏูุชู,2
384,ฺูุฏ ุจู ุงุฐูู ูููุฏู,2
385,ููู ุดุจ ุดุฑุน ูุดูุฏ ฺู ุณุงุนุช ุงุณุช,2
386,ุงุฐุงู ุตุจุญ ุฏุฑ ูุดูุฏ ุงูุฑูุฒ ฺู ุณุงุนุช ุงุณุช,2
387,ูุงุตูู ุงุฐุงู ุธูุฑ ูุดูุฏ ุจุง ูุดุงุจูุฑ ฺูุฏุฑ ุงุณุช,2
388,ุงุฐุงู ูุบุฑุจ ุจู ุงูู ุงุตููุงู ฺู ููุชู,2
389,ุงููุงุช ุดุฑุน ุฏุฑ ุฌููุจฺฏุงู ฺุทูุฑู,2
390,ุงุฐุงู ูุบุฑุจ ุจู ุงูู ุงุตููุงู ฺู ููุชู,2
391,ุงููุงุช ุดุฑุน ุฏุฑ ุฌููุจฺฏุงู ฺุทูุฑู,2
392,ุงุฐุงู ุตุจุญ ุณุงุนุช ฺูุฏ ูุณุช,2
393,ฺฉ ุจุงุฏ ููุงุฒ ุจุฎููู,2
394,ฺู ุณุงุนุช ุงูุทุงุฑ ูโฺฉูู,2
395,ฺุฑุง ุงุฐุงู ูุบุฑุจ ุฑุงุชุงุจุณุชุงููุง ุฏุฑ ู ุฒูุณุชุงููุง ุฒูุฏ ูฺฏููุฏ,2
396,ููู ุดุจ ุดุฑุน ุฏููุง ุจู ฺู ูุนูุงุณุช,2
397,ุงุง ุงุฐุงู ุตุจุญ ุชูุฑุงู ู ุณููุงู ูุฑ ุฏู ุฏุฑ ฺฉ ุฒูุงู ฺฏูุชู ูุดูุฏ,2
398,ููู ุดุจ ุดุฑุน ฺู,2
399,ุงุฐุงู ุธูุฑ ุจุง ุงุฐุงู ุนุตุฑ ฺู ูุฑู ุฏุงุฑู,2
400,ุงุฐุงู ุตุจุญ ุจู ุงูู ุฒุฏ ฺู ุณุงุนุช ุงุณุช,2
401,ุงุฐุงู ุตุจุญ ุฏุฑ ุณุงูุชุง ฺฉูุงุฑุง ฺฉ ูุณุชุด,2
402,ฺูุฏ ุฏููู ุชุง ุงุฐุงู ุธูุฑ ุจุงู ูููุฏู,2
403,ููู ุดุจ ุดุฑุน ุชูุฑุงู ฺู ุณุงุนุชู,2
404,ููุชุจุงู ูพุฑุณูพููุณ  ุงุณุชููุงู ฺูุฏ ุณุงุนุช ุจุนุฏ ุงุฐุงู ูุบุฑุจ ุจุฑฺฏุฒุงุฑ ูุดู,2
405,ุงโโุฐูู ุฒุฏู,2
406,ฺฉ ุงูุทุงุฑ ุจุฎูุฑู,2
407,ฺฉ ุณุญุฑ ุจุฎูุฑู,2
408,"ุชู ุงู ุณุงุนุช ุดูุฑ ุฎู ุดููุบู
ุณุงุนุช 6 ููุชุธุฑุชู.",2
409,ุงุฐุงู ุตุจุญ ุจูุฑู ููุฒ ฺู ุณุงุนุช ุงุณุช,2
410,ุงุฐุงู ุธูุฑ ูพุฑุงฺฏ ุจุง ุงูุฌุง ฺูโูุฏุฑ ุชูุงูุช ุฏุงุฑุฏ,2
411,ุขุง ุชุง ุงุฐุงู ูุบุฑุจ ฺฉุงุดุงู ฺฉูุชุฑ ุงุฒ ฺฉ ุณุงุนุช ูุงูุฏู,2
412,ุขุง ุงุฒ ูููโุดุจ ุดุฑุน ูพููฺฏโุงูฺฏ ฺฏุฐุดุชู ุงุณุช,2
413,ูุงุตูู ุงุฐุงู ุธูุฑ ฺฏูุชูุจุฑฺฏ ู ุงุณุชฺฉููู ฺูุฏุฑ ุงุณุช,2
414,ุงุฐุงู ูุบุฑุจ ุชูุฑุงู ฺู ุณุงุนุชู,2
415,ูููโุดุจ ุชูุฑุงู ฺู ุฒูุงูโุณุช,2
416,ุงุฐุงู ุธูุฑ ุชูุฑุงู ฺู ุฒูุงู ุงุณุช,2
417,ุขุง ุงุฒ ููู ุดุจ ุดุฑุน ูุดูุฏ ฺฏุฐุดุชู ุงุณุช,2
418,ุงุฐุงู ุตุจุญ ุดุฑุงุฒ ู ุงุตููุงู ฺูุฏุฑ ุชูุงูุช ุฏุงุฑุฏ,2
419,ุงุฐุงู ูุบุฑุจ ุงููุงุฒ ุฑุง ฺฏูุชูโุงูุฏ,2
420,ูุงุตูู ุงุฐุงู ุธูุฑ ุงูุฌุง ู ุฑุดุช ฺูุฏุฑ ุงุณุช,2
421,ุทููุน ุขูุชุงุจ ฺู ุณุงุนุช ุงุณุช,2
422,ุงูุงู ุจุงุฏ ฺู ููุงุฒ ุจุฎูุงูู,2
423,ฺฉ ุณุงุนุช ุฏฺฏุฑ ฺฉุฏุงู ููุงุฒ ูุถุง ูุดูุฏ,2
424,ูุงุตูู ุจู ููุงุฒ ุตุจุญ ู ุทููุน ุขูุชุงุจ ฺู ูุฏุฑ ุงุณุช,2
425,ุขูุชุงุจ ุฏุฑ ฺฉุฏุงู ุดูุฑ ุงุฑุงู ุฒูุฏุชุฑ ุบุฑูุจ ูฺฉูุฏ,2
426,ููู ุดุจ ุดุฑุน ุงูุฑูุฒ ฺู ุณุงุนุช ุงุณุช,2
427,"ุงุฐุงู ูุบุฑุจ ุชูุฑุงู
ุงุฐุงู ุตุจุญ ุจู ููุช ุงุตููุงู
ุฒูุงู ุงูุทุงุฑ ุจู ููุช ุชูุฑุงู
ุฒูุงู ุณุญุฑ ุจู ููุช ุงููุงุฒ",2
428,ุชุง ุงุฐุงู ุธูุฑ ฺูุฏุฑ ูุงูุฏูโุงุณุช,2
429,ุฒูุงู ุฑูุฒู ุชุงุจุณุชุงู ูููุงูุฏ ฺูุฏุฑู,2
430,ููู ุดุจ ุดุฑุน ฺฉ,2
431,ุงูุฑูุฒ ุงุฐุงู ุธูุฑ ุจู ุงูู ุชูุฑุงู ฺู ุณุงุนุช ุงุณุช,2
432,ูพุณ ฺฉ ุงุฐุงู ูฺฏู,2
433,ูุชูู ููู ุจุฑุง ุงุฐุงู ุตุจุญ ุจุฏุงุฑ ฺฉู,2
434,ุทูู ุฑูุฒ ุงูุฑูุฒ ฺูุฏุฑ ุงุณุช,2
435,ุงุฐุงู ุฑู ฺฏูุชูุฏ,2
436,ุจุฑูุงูู ุฑุง ูุณุท ุงุฐุงู ูุทุน ู ฺฉููุฏ,2
437,ุงุฐุงู ุตุจุญ ุณุงุนุช ฺูุฏ ุดุฏู,2
438,ุงุฐุงู ูุบุฑุจ ุณุงุนุช ฺูุฏ ุงุณุช,2
439,ุงุฐุงู ุธูุฑ ุณุงุนุช ฺูุฏ ุงุณุช,2
440,ุงุฐุงู ุตุจุญ ุฏุฑ ูุดูุฏ ฺู ุฒูุงู ุงุณุช,2
441,ุฑูุฒู ุฏุฑ ฺู ุตูุฑุช ุจุงุทู ูุดูุฏ,2
442,ุงุตูู ูุถูุน ฺฺฏููู ุงุณุช,2
443,ููุงุฒ ุดฺฉุณุชู ุฏุฑ ฺู ุตูุฑุช ุงุณุช,2
444,ฺฉ ููุช ููุงุฒ ูุดู,2
445,ุงุฐุงู ุฑู ฺฉ ูฺฏู,2
446,ุงูุฌุง ุงุฐุงู ุณุงุนุช ฺูุฏู,2
447,ุตุจุญ ฺฉ ูพุงุดู ุจุฑุง ููุงุฒ,2
448,ฺฉ ููุช ููุงุฒ ูุดู,2
449,ุงุฐุงู ุฑู ฺฉ ูฺฏู,2
450,ุงูุฌุง ุงุฐุงู ุณุงุนุช ฺูุฏู,2
451,ุตุจุญ ฺฉ ูพุงุดู ุจุฑุง ููุงุฒ,2
452,ููุงุฒ ุตุจุญ ุฏุฑ ูุทุจ ุดูุงู ฺู ุณุงุนุช ุงุณุช,2
453,ุขุง ุงูุงู ุฏุฑ ุจุฌูฺฏ ููุช ููุงุฒ ุนุตุฑ ุดุฏู ุงุณุช,2
454,ูุงุตูู ุงุฐุงู ุธูุฑ ู ูุบุฑุจ ุชฺฏุฒุงุณ ฺูุฏุฑ ุงุณุช,2
455,ฺูุฏ ุฏููู ุชุง ููู ุดุจ ุดุฑุน ุฏุฑ ุณู ูููพุฒ ูุงูุฏู ุงุณุช,2
456,ุฏุฑ ูุทุจ ูุฑุฏู ฺฉ ููุงุฒ ูุฎููู,2
457,ุขุง ุฏุฑ ุชูุฑุงู ุงุฐุงู ูุบุฑุจ ุดุฏู ุงุณุช,2
458,ุฏุฑ ูุดูุฏ ฺูุฏุฑ ุชุง ููู ุดุจ ุดุฑุน ุจุงู ูุงูุฏู ุงุณุช,2
459,ุงุฐุงู ุธูุฑ ฺู ุณุงุนุช ุงุณุช,2
460,ุจู ุงุฐุงู ุธูุฑ ู ุงุฐุงู ูุบุฑุจ ุฏุฑ ุฑุดุช ฺูุฏ ุณุงุนุช ูุงุตูู ุงุณุช,2
461,ุจู ุงุฐุงู ุตุจุญ ุฏุฑ ุชูุฑุงู ู ุฒูุฌุงู ฺูุฏุฑ ูุงุตูู ุฒูุงู ูุณุช,2
462,ููุงุฒ ูู ุฎููู ฺฉู ุจุฎูุงู ุณุงุนุช ุฏูู ุงููุงุช ุดุฑุน ุฑู ุจุฏูููุ ูู ุญูุงู 12 ุงุฐุงู ุธูุฑุ ุญูุงู 5 ุงุฐุงู ูุบุฑุจุ 11 ุดุจ ูู ุญุฏูุฏุง ูุถุง ูุดู.,2
463,ูุฏุช ุฒูุงู ุฑูุฒู ฺฏุฑูุชู ุชู ฺฏุฏูู ุดูุฑ ุงุฑุงู ฺฉูุชุฑู,2
464,ุทููุน ุงูุชุงุจ ฺฉุฑุฏุณุชุงู ุงูุฑูุฒ ฺู ุฒูุงู ุงุณุช,2
465,ุงุฐุงู ุตุจุญ ุชูุฑุงู ู ูู ฺูุฏุฑ ุชูุงูุช ุฏุงุฑุฏ,2
466,ุงุฐุงู ูุบุฑุจ ุงุฒ ุงุจุชุฏุง ฺฉ ูุงู ุชุง ุงูุชูุง ุขู ุญุฏูุฏุง ฺูุฏุฑ ุฌุง ุจู ุฌุง ูุดูุฏ,2
467,ุจุดุชุฑู ุงุฎุชูุงู ุฒูุงู ุฏุฑ ุงุฐุงู ุตุจุญ ุฏุฑ ฺฉุฏุงู ุฏู ููุทู ุงุฒ ุงุฑุงู ุงุชูุงู ู ุงูุชุฏ,2
468,ูุงุตูู ุงุฐุงู ุตุจุญ ุชุง ุทููุน ุขูุชุงุจ ุฏุฑูุฒ ฺูุฏุฑ ุจูุฏ,2
469,ุงุฐุงู ุธูุฑ ุชูุฑุงู ูุฑุฏุง ฺู ุฒูุงู ุงุณุช,2
470,ุงุฐุงูู ฺฉ ูโฺฏู,2
471,ุงุฐุงู ุตุจุญ ุงุตููุงู ฺูุฏุฑ ุฌููุชุฑู,2
472,ุจู ุงุฐุงู ฺูุฏุฑ ูููุฏู,2
473,ูููโุดุจ ุดุฑุน ฺฏุฐุดุช,2
474,ููุงุฒู ูุบุฑุจ ฺฉ ูุถุง ูโุดู,2
475,ููุงุฒู ุนุฏู ูุทุฑ ฺฉ ุจุฑูพุง ูโุดู,2
476,ุนุฏู ูุทุฑ ูุฑุฏุงุณุช ุง ูพุณโูุฑุฏุง,2
477,ุทููุนู ุขูุชุงุจ ฺู ุณุงุนุชู,2
478,ุงุฐุงูู ุธูุฑ ฺฉู,2
479,ุงุฐุงู ุตุจุญ ูุฑุฏุง ููุฏุงู ฺู ุฒูุงู ุงุณุช,2
480,ูุงู ุฑูุถูู ุชูุฑุงู ุฒูุฏุชุฑ ุงุฐุงู ูุดู ุง ุงุตููุงู,2
481,ุฒูุณุชูู ฺุฑุง ุงููุฏุฑ ุฒูุฏ ูุบุฑุจ ูุดู,2
482,ุงุฐุงู ุตุจุญ ุงุตููุงู ฺู ุณุงุนุชู,2
483,ุงุฐุงู ุตุจุญ ฺู ุณุงุนุชู,2
484,ุชุง ุบุฑูุจ ฺูุฏุฑ ูููุฏู,2
485,ุงุฐุงู ุธูุฑ ุดุฏู,2
486,ุณุงุนุช ฺูุฏ ุงุฐุงู ุตุจุญ ูฺฏู,2
487,ูุงุตูู ุงุฐุงู ุชูุฑุงู ุจุง ุงูุฌุง ฺูุฏุฑู,2
488,ูููโุดุจ ุดุฑุน ฺฉ ูุณุช,2
489,ุงุฐุงู ุธูุฑ ฺฉ ูฺฏู,2
490,ุงุฐุงู ุงููุง ูู ุณุงุนุช ุงุฒ ูุง ุฌููุชุฑู,2
491,ุงุฐุงู ุตุจุญ ุชูุฑุงู ุงูุฑูุฒ ฺู ุฒูุงู ุงุณุช,2
492,ููู ุดุจ ุดุฑุน ฺฉุฑูุงู ุฏุฑ ฺู ุฒูุงู ุงุณุช,2
493,ุงุฐุงู ุตุจุญ ุชูุฑุงู ุงูุฑูุฒ ฺู ุฒูุงู ุงุณุช,2
494,ููู ุดุจ ุดุฑุน ฺฉุฑูุงู ุฏุฑ ฺู ุฒูุงู ุงุณุช,2
495,ฺฉ ุงุฐุงู ูฺฏู,2
496,ุณุงุนุช ฺูุฏู,3
497,ุงูุงู ุชู ูููุฎ ุณุงุนุช ฺูุฏู,3
498,ุงุฎุชูุงู ุฒูุงูููู ุจุง ุงุณุชุงูุจูู ฺูุฏุฑู,3
499,ุณุงุนุช ฺูุฏู,3
500,ฺูุฏุฑ ูููุฏู ุชุง ฒ,3
501,ุงูุงู ฺฉุงูุงุฏุง ุดุจู ุง ุฑูุฒ,3
502,ุงูุงู ฒณ ู ฒณ ุฏููู ุงุณุช.,3
503,ุงุฎุชูุงู ุฒูุงู ุณุงุนุช ุงุฑุงู ู ุชุฑฺฉู ฺูุฏุฑ ุงุณุช,3
504,ุงูุฑูุฒ ฺูุฏู ุงุณุช,3
505,ุฒูุงู ุณุงู ุชุญูู ุณุงู ฑดฐฐ ฺู ุณุงุนุช ุงุณุช,3
506,ฺูุฏ ุณุงุนุช ุชุง ุบุฑูุจ ูุงูุฏู,3
507,ุชูุฑุงู ฺูุฏ ุณุงุนุช ุจุง ฺฉุงุจู ุงุฎุชูุงู ุฒูุงู ุฏุงุฑุฏ,3
508,ุจุฑุง ูพุฑฺฉุฑุฏู ูุฑูุ ฺูุฏุฑ ุฒูุงู ูุงุฒู ุงุณุช,3
509,ุงูุงู ุณุงุนุช ุฏุฑ ุชูุฑุงู ฺูุฏ ุงุณุช,3
510,ุฏุฑ ุฏูุง ุชู ุณุงุนุช ฺูุฏ ุงุณุช,3
511,ุณุงุนุช ฺูุฏ ุจุฑูู ูุฑู,3
512,ููุชุจุงู ฺู ุณุงุนุช ุจุฑฺฏุฒุงุฑ ูโุดูุฏ,3
513,ฺูุฏ ุณุงุนุช ุฏฺฏุฑ ุจู ฺฉุฑูุงู ูุฑุณู,3
514,ุขุง ูุฑุงุฑ ุงูุฑูุฒ ุณุงุนุช 4 ุงุณุช,3
515,ุนูุฑุจู ุณุงุนุช ุดูุงุฑ ุฑู ฺฉุฏุงู ุนุฏุฏ ูุฑุงุฑ ุฏุงุฑุฏ,3
516,ฺฉ ูุฑูุณ ฺฉุฑููุง ุชูุงู ูุดูุฏ,3
517,ฺูุฏ ุณุงุนุช ุฏฺฏุฑ ุจู ฺฉุฑูุงู ูุฑุณู,3
518,ุขุง ูุฑุงุฑ ุงูุฑูุฒ ุณุงุนุช 4 ุงุณุช,3
519,ุนูุฑุจู ุณุงุนุช ุดูุงุฑ ุฑู ฺฉุฏุงู ุนุฏุฏ ูุฑุงุฑ ุฏุงุฑุฏ,3
520,ฺฉ ูุฑูุณ ฺฉุฑููุง ุชูุงู ูุดูุฏ,3
521,ฺฉ ูโุข,3
522,ฺู ุฒูุงู ุจุฑุง ุฑูุชู ุจูุชุฑ ุงุณุช,3
523,ูุงุตููโ ุฒูุงู ุชูุฑุงู ู ูุณฺฉู ฺูุฏุฑ ุงุณุช,3
524,ุณุงุนุช ุจุฑูู ฺูุฏุฑ ุงุฒ ุณุงุนุช ุชูุฑุงู ุนูุจโุชุฑ ุงุณุช,3
525,ุงููุฌุง ุงูุงู ุณุงุนุช ฺูุฏู,3
526,ุฏุฑ ููุฑุฏ ุฑูุงู ุจุฑูุฏุดูู ุณูุฏุฑุณูู ุจู ูุงู ฺุฑุฎ ุฒูุงู ุดูุฏ,3
527,ุงูุงู ุณุงุนุช ฺูุฏู,3
528,ุงูุงู ุฏุฑููุช ูุณุช ุชู ุงุณุชฺฉููู,3
529,ุชู ุจุฑูู ฺู ุณุงุนุช ูุนุงุฏู ุฒูุงู ุชูุฑุงู ุณุงุนุช ฺฉุงุฑุดูู ุดุฑูุน ูุดู,3
530,ุงูุงู ุณุงุนุช ฺูุฏู,3
531,ุงูุงู ุฏุฑููุช ูุณุช ุชู ุงุณุชฺฉููู,3
532,ุชู ุจุฑูู ฺู ุณุงุนุช ูุนุงุฏู ุฒูุงู ุชูุฑุงู ุณุงุนุช ฺฉุงุฑุดูู ุดุฑูุน ูุดู,3
533,ฺูุฏ ุณุงุนุช ุงุฒ ฺฏู ุขุฎุฑ ููฺุณุชุฑ ุณุช ุฏุฑ ูฺฏ ููุฑูุงูุงู ูุจู ฺฏุฐุดุชู ุงุณุช,3
534,ุณุงุนุช ฺูุฏู,3
535,ูโุชููู ุจู ุนููู ุชู ฺฉุงููุฑูุง ุฒูฺฏ ุจุฒูู,3
536,ุณุงุนุช ุฑูุฏ ูุดุฏ ุฏุฑุณ ุจุฎููู,3
537,ุณุงุนุช ฺูุฏ ูุชุฑู ุจุงุดู,3
538,ุงูุงู ฺฉุงูุงุฏุง ุณุงุนุช ฺูุฏ ุงุณุช,3
539,ุงูุฑูุฒ ฺู ุณุงุนุช ูโุชูุงูู ุชู ุฑุง ุจุจูู,3
540,ุฏุดุจ ฺูุฏ ุณุงุนุช ุฎูุงุจุฏ,3
541,ฺูุฏ ุณุงุนุช ุจุฑุง ุงูุฌุงู ุงู ูพุฑูฺู ูุงุฒ ุฏุงุฑู,3
542,ุงูุฑูุฒ ุฒูุงู ุจุฑุง ุชู ูู ุฒูุฏ ฺฏุฐุดุช,3
543,ุณูุฑ ุฏุฑ ุฒูุงู ููฺฉูู,3
544,ุฒูุงู ุจุนุฏ ฺูุฏูู,3
545,ุจู ุณุงุนุช ุฏุฑูู ุงุนุชูุงุฏ ุฏุงุฑ,3
546,ููุชุจุงู ุณุงุนุช ฺูุฏ ุงุณุช,3
547,ุณุงุนุช ุงุฑุงู ู ุงุชุฑุด ฺูุฏุฑ ุจุง ูู ุชูุงูุช ุฏุงุฑู,3
548,ุงูุงู ุณุงุนุช ฺูุฏู,3
549,ฺู ุณุงุนุช ฺฉูุงุณ ุฏุงุฑ ู ุจุงุฏ ุงุฒ ุฎูุงุจ ุจุฏุงุฑ ุจุด,3
550,ููุชุจุงู ุจุงุฑุณูููุง ุณุงุนุช ฺูุฏู ุงูุดุจ,3
551,ุงุฎุชูุงู ุฒูุงู ุชูุฑุงู ู ุงุตููุงู ฺูุฏ ุฏููุณ,3
552,ุณุงุนุช ฺูุฏ ุงุณุช,3
553,ุงูุงู ููฺฉููุฑ ุณุงุนุช ฺูุฏ ุงุณุช,3
554,ุงุฎุชูุงู ุณุงุนุช ุฏุฑ ุดูุฑ ูุง ุงูุฑฺฉุง ฺูุฏุฑ ุงุณุช,3
555,ุณุงุนุช ุงูุงู ุฏุฑ ฺู ฺูุฏ ุงุณุช,3
556,ุงุฎุชูุงู ุงุฑุงู ู ฺฉุงูุงุฏุง ฺูุฏ ุณุงุนุช ุงุณุช,3
557,ุงููุฌุง ุงูุงู ุณุงุนุช ฺูุฏู,3
558,ฺู ูุฏุช ุฒูุงู ุชุง ุณุงุนุช ฑท ุจุงู ูุงูุฏู ุงุณุช,3
559,ุณุงุนุช ุฒุฏ ุงูุงู ฺูุฏ ุงุณุช,3
560,ุณุงุนุช ถ ูุฏู ุงุณุช ุง ุฌุฏุฏ,3
561,ุณุงุนุช ุชูุฑุงู ุงูุงู ฺูุฏ ุงุณุช,3
562,ุณุงุนุช ุชุจุฑุฒ ุงูุงู ฺูุฏ ุงุณุช,3
563,ฺู ูุฏุช ุฒูุงู ุชุง ุณุงุนุช ฑท ุจุงู ูุงูุฏู ุงุณุช,3
564,ุณุงุนุช ุฒุฏ ุงูุงู ฺูุฏ ุงุณุช,3
565,ุณุงุนุช ถ ูุฏู ุงุณุช ุง ุฌุฏุฏ,3
566,ุณุงุนุช ุชูุฑุงู ุงูุงู ฺูุฏ ุงุณุช,3
567,ุณุงุนุช ุชุจุฑุฒ ุงูุงู ฺูุฏ ุงุณุช,3
568,ฺู ูุฏุช ุฒูุงู ุชุง ุณุงุนุช ฑท ุจุงู ูุงูุฏู ุงุณุช,3
569,ุณุงุนุช ุฒุฏ ุงูุงู ฺูุฏ ุงุณุช,3
570,ุณุงุนุช ถ ูุฏู ุงุณุช ุง ุฌุฏุฏ,3
571,ุณุงุนุช ุชูุฑุงู ุงูุงู ฺูุฏ ุงุณุช,3
572,ุณุงุนุช ุชุจุฑุฒ ุงูุงู ฺูุฏ ุงุณุช,3
573,ุงฺฉููู ุฏุฑ ููุฏู ุณุงุนุช ฺูุฏ ุงุณุช,3
574,ููุฏู ุงูุงู ฺู ุณุงุนุช ูุณุชุด,3
575,ูฺฉุฑ ูฺฉู ุงูุงู ููุฏู ุตุจุญ ุดุฏู ุงุณุช,3
576,ูููุฎ ุงูุงู ุธูุฑ ุงุณุช.,3
577,ุงููุฌุง ุณุงุนุช ฺูุฏู,3
578,ุขุง ุดฺฉุงฺฏู ุงูุงู ูุซู ุชูุฑุงู ุฑูุฒ ุงุณุช,3
579,ุงุฎุชูุงู ุณุงุนุช ุชูุฑุงู ุจุง ุชูุฑูุชู ู ููฺฉููุฑ ู ููุฏุงุฑู,3
580,ูุงุตูู  ุณุงุนุช ุฑุณู ุงุฑุงู ุจุง ุณุงุนุช ูุจุฏุงุก ฺูุฏุฑ ุงุณุช,3
581,ุงูุงู ุฏุฑ ูุดูุฏ ุณุงุนุช ฺูุฏ ุงุณุช,3
582,ุขุง ุงูุงู ุฏุฑ ุชุฑฺฉููุณุชุงู ุตุจุญ ุงุณุช,3
583,ุฏู ุณุงุนุช ุฏฺฏุฑ ฺู ุฒูุงู ุงุฒ ุฑูุฒ ุฏุฑ ฺฉุดูุฑ ุงูุบุงูุณุชุงู ุงุณุช,3
584,ุขุง ูุงุตูู  ุฒูุงู ุณุงุนุช ุฑุณู ุงุฑุงู ู ุนุฑุงู ูู ุณุงุนุช ุงุณุช,3
585,ุณุงุนุช ุงูุงู ุฏุฑ ฺฉุงุจู ฺูุฏู,3
586,ูุงุตูู ุฒูุงู ุดูุง ุจุง ุฒูุงู ฺฏุฑููฺ ฺูุฏุฑ ุงุณุช,3
587,ุณุงุนุช ุฏุฑ ูุฑุงูุณู ฺูุฏ ุงุณุช,3
588,ฺูุฏ ุจุงุฒู ุฒูุงู ุฏุฑ ุขูุฑฺฉุง ุฏุงุฑู,3
589,ุณุงุนุช ุงูุงู ุฏุฑ ฺฉุงุจู ฺูุฏู,3
590,ูุงุตูู ุฒูุงู ุดูุง ุจุง ุฒูุงู ฺฏุฑููฺ ฺูุฏุฑ ุงุณุช,3
591,ุณุงุนุช ุฏุฑ ูุฑุงูุณู ฺูุฏ ุงุณุช,3
592,ฺูุฏ ุจุงุฒู ุฒูุงู ุฏุฑ ุขูุฑฺฉุง ุฏุงุฑู,3
593,ุณุงุนุช ุงูุงู ุฏุฑ ฺฉุงุจู ฺูุฏู,3
594,ูุงุตูู ุฒูุงู ุดูุง ุจุง ุฒูุงู ฺฏุฑููฺ ฺูุฏุฑ ุงุณุช,3
595,ุณุงุนุช ุฏุฑ ูุฑุงูุณู ฺูุฏ ุงุณุช,3
596,ฺูุฏ ุจุงุฒู ุฒูุงู ุฏุฑ ุขูุฑฺฉุง ุฏุงุฑู,3
597,ุณุงุนุช ุจุฏฺฏู ุงูุงู ฺูุฏ ุงุณุช,3
598,ุงุฎุชูุงู ุฒูุงู ููุฏูุฒ ู ูููฺฉุณ ุจุง ูุฑุจุงุฑ ุนูุถ ุดุฏู ฺูุฏ ุณุงุนุช ุงุณุช,3
599,ุฏุฑ ูุณโุขูุฌูุณ ุฏุฑ ฺู ุฒูุงู ุงุฒ ุฑูุฒ ูุณุชู,3
600,ุฏูุณุช ุฏุงุฑุฏ ุงูุงู ฺู ุณุงุนุช ุงุฒ ุดุจุงูู ุฑูุฒ ุจุงุดุฏ,3
601,ุณุงุนุช ุจุฏฺฏู ุงูุงู ฺูุฏ ุงุณุช,3
602,ุงุฎุชูุงู ุฒูุงู ููุฏูุฒ ู ูููฺฉุณ ุจุง ูุฑุจุงุฑ ุนูุถ ุดุฏู ฺูุฏ ุณุงุนุช ุงุณุช,3
603,ุฏุฑ ูุณโุขูุฌูุณ ุฏุฑ ฺู ุฒูุงู ุงุฒ ุฑูุฒ ูุณุชู,3
604,ุฏูุณุช ุฏุงุฑุฏ ุงูุงู ฺู ุณุงุนุช ุงุฒ ุดุจุงูู ุฑูุฒ ุจุงุดุฏ,3
605,ุณุงุนุช ุฑุณู ูุงูุฒ ุฏุฑ ุญุงู ุญุงุถุฑ ฺูุฏ ุงุณุช,3
606,ุงุฎุชูุงู ุฒูุงู ูุดูุฏ ู ูููพู ฺูุฏุฑ ุงุณุช,3
607,ุงูุงู ุฏุฑ ูููุงูุฏ ฺู ุฒูุงู ุงุณุช,3
608,ุงุฎุชูุงู ุณุงุนุช ูุงู ุฏู ุดูุฑ ูุงูุจูุฑฺฏ ุขููุงู ู ุณุงููุงุฏูุฑ ุจุฑุฒู ฺูุฏุฑ ุงุณุช,3
609,ุงุฎุชูุงู ุณุงุนุช ุงุฑุงู ู ุชุฑฺฉู ฺูุฏุฑ ุงุณุช,3
610,ุฏุฑ ูุณฺฉู ุงูุงู ุณุงุนุช ฺูุฏ ุงุณุช,3
611,ุงุฎุชูุงู ุฒูุงู ุชูุฑุงู ุจุง ูููุฑฺฉ ฺูุฏุฑ ุงุณุช,3
612,ููู ุดุจ ุชูฺฉู ูุตุงุฏู ฺู ุฒูุงู ุฏุฑ ฺฉุฑูุงูุดุงู ุงุณุช,3
613,ุฏุฑ ูุณฺฉู ุงูุงู ุณุงุนุช ฺูุฏ ุงุณุช,3
614,ุงุฎุชูุงู ุฒูุงู ุชูุฑุงู ุจุง ูููุฑฺฉ ฺูุฏุฑ ุงุณุช,3
615,ููู ุดุจ ุชูฺฉู ูุตุงุฏู ฺู ุฒูุงู ุฏุฑ ฺฉุฑูุงูุดุงู ุงุณุช,3
616,ุงุฒุฏู ูุฏู ุง ุงุฒุฏู ุฌุฏุฏ,3
617,ุณุงุนุชู ฺูุฏ ฺฉูุงุณ ุฏุงุฑ,3
618,ุงูุงู ุณุงุนุช ูุดูุฏ ฺูุฏ ุงุณุช,3
619,ุงุฎุชูุงู ุณุงุนุช ุงุฑุงู ุจุง ุชุฑฺฉู ฺูุฏุฑ ุงุณุช,3
620,ุงูุงู ุฏุฑ ุจุงู ุณุงุนุช ฺูุฏ ุงุณุช,3
621,ุงูุงู ุฏุฑ ููุฏ ฺู ุฒูุงูุณุช,3
622,ฺูุฏ ุณุงุนุช ุชุง ุบุฑูุจ ูุงูุฏู,3
623,ุชูุฑุงู ฺูุฏ ุณุงุนุช ุจุง ฺฉุงุจู ุงุฎุชูุงู ุฒูุงู ุฏุงุฑุฏ,3
624,ุจุฑุง ูพุฑฺฉุฑุฏู ูุฑูุ ฺูุฏุฑ ุฒูุงู ูุงุฒู ุงุณุช,3
625,ุงูุงู ุณุงุนุช ุฏุฑ ุชูุฑุงู ฺูุฏ ุงุณุช,3
626,ุจุง ุงุณุชุฑุงูุง ฺูุฏ ุณุงุนุช ุงุฎุชูุงู ุฏุงุฑู,3
627,ุณุงุนุช ฺูุฏ ูโุฑุณ ุฎููู,3
628,ููููู ฺูุฏ ุณุงุนุช ุทูู ูโฺฉุดู,3
629,ฺฉูุงุณ ุงุฒ ฺู ุณุงุนุชู ุชุง ฺู ุณุงุนุช,3
630,ุดุจุง ฺฉ ูโุฎูุงุจ,3
631,ฺุฑุง ุจู ุงุฑุงู ู ฺฉุดูุฑ ูุง ุงุฑููพุง ุญุฏุงูู ุณู ู ูู ุณุงุนุช ุงุฎุชูุงู ุฒูุงู ุฏุงุฑู,3
632,ฺุฑุง ูฺ ุงุฎุชูุงู ุฒูุงู ุจู ุฏู ฺฉุดูุฑ ูุฑุงูุณู ู ุงุณูพุงูุง ูุฏุงุฑู,3
633,ุงูุงู ุฏุฑ ูพฺฉู ุงูุงู  ุธูุฑ ุงุณุช,3
634,ุงูุงู ุงููุฌุง ุณุงุนุช ฺูุฏู,3
635,ฺุฑุง ฺฏุฑููฺ ูููุชุฑู ุณุงุนุชู,3
636,ุงุฎุชูุงู ุณุงุนุช ุชูุฑุงู ู ููุฏู ฺูุฏุฑ ุงุณุช,3
637,ุงุฎุชูุงู ุณุงุนุงุช ุณุงูุชุง ุขูุง ู ุดุฑุงุฒ ฺูุฏุฑ ูุณุชุด,3
638,ุณุงุนุช ฺูุฏู,3
639,ููุทูู ุฒูุงู ฺู ฺฉุฏููู,3
640,ฺฉุฏูู ฺฉุดูุฑ ููู ุงูุงู ูุณุจุช ุจู ุงุฑุงู ุชุงุฑุฎ ูุชูุงูุช ุฏุงุฑู,3
641,ููุช ฺูุฏุฑ ูุฑุฒู,3
642,ุงูุงู ฺฉู ุงูุฌุง ุดุจู ุงููุฌุง ุฑูุฒู,3
643,"ุฏุฑูุฒ ฺูุฏุฑ ฺฉู ุฏุงุฏ
ุงูุฑูุฒ ุดูุฑ ูุดูฺฏ ุดุฏู.
ูุฑุฏุง ฺฺฉุงุฑ ฺฉูู",3
644,ูพุงุฑุณุงู ุจูุงุฑ ุฏุณุชู ุฌูุน ุฑูุชู ุจูุฏู ุฒุงุฑุชxD,3
645,ุณุงุนุช ฺฉุฑุฌ ุงูุงู ฺูุฏ ุงุณุช,3
646,ุงุฎุชูุงู ุฒูุงู ุงุฑุฏฺฉุงู ู ูุณุจูู ฺูุฏุฑ ุงุณุช,3
647,ุณุงุนุช ุงุจูุธุจ ุจุง ุณุงุนุช ุฌูุงู ฺูุฏุฑ ุงุฎุชูุงู ุฏุงุฑุฏ,3
648,ุขุง ุฏุฑ ุจุฑูุชุ ุณุงุนุช ุงุฒ ุฏูุงุฒุฏู ูููโุดุจ ฺฏุฐุดุชู ุงุณุช,3
649,ุงูุงู ุฏุฑ ููฺฉููุฑ ุณุงุนุช ฺูุฏ ุงุณุช,3
650,ุงูุงู ุชู ููุฏู ุณุงุนุช ฺูุฏู,3
651,ุณุงุนุช ุณุงุญู ุดุฑู ุขูุฑฺฉุง ฺูุฏ ุงุณุช,3
652,ุงุฎุชูุงู ุณุงุนุช ุชูุฑุงู ู ุชูุฑูุชู ฺูุฏุฑ ุงุณุช,3
653,ุงูุงู ุฏุฑ ููุฏู ุดุจ ุงุณุช ุง ุฑูุฒ,3
654,ุฏุฑ ฺู ุณุงุนุช ุงุฒ ุฑูุฒ ูุชูุงูู ุจุง ุฏูุณุชู ุฏุฑ ุขูุฑฺฉุง ุตุญุจุช ฺฉูู,3
655,ุงูุงู ุฏุฑ ุจุฑูู ุณุงุนุช ฺูุฏ ุงุณุช,3
656,ฺูุฏ ุณุงุนุช ุฏฺฏุฑ ุฏุฑ ุงุณุชุฑุงูุง ุตุจุญ ูุดูุฏ,3
657,ุณุงุนุช ูุดุช ุตุจุญ ุชูุฑุงู ฺู ุณุงุนุช ุฏุฑ ูููุฎ ุงุณุช,3
658,ุงุฎุชูุงู ุณุงุนุช ุชูุฑุงู ุจุง ุณุฏู ฺูุฏ ุณุงุนุช ุงุณุช,3
659,ุงูุงู ุฏุฑ ุณุฏู ฺู ุณุงุนุช ุงุณุช,3
660,ุงูุงู ุดุจ ุงุณุช ุง ุฑูุฒ,3
661,ุณุงุนุช ุขูุฑฺฉุง ฺูุฏ ุงุณุช,3
662,ุงูุงู ุณุงุนุช gmt ฺูุฏ ุงุณุช,3
663,ุงุฎุชูุงู ุณุงุนุช ุชุฑฺฉู ู ุงุฑุงู ฺูุฏุฑ ุงุณุช,3
664,ุงูุงู ุฏุฑ ุขูุฑฺฉุง ุดุจ ุงุณุช ุง ุฑูุฒ,3
665,ุฏุฑ ูุทุจ ุฌููุจ ุณุงุนุช ฺูุฏู,3
666,ุงุฎุชูุงู ุณุงุนุช ุดุฑู ู ุบุฑุจ ุขูุฑฺฉุง ฺูุฏุฑู,3
667,ุงุฎุชูุงู ุณุงุนุช ุชูุฑุงู ุจุง ูพุงุฑุณ ุฏุฑ ููู  ุฏูู ุณุงู ฺูุฏุฑ ุงุณุช,3
668,ูุณฺฉู ฺูุฏ ุณุงุนุช ุนูุจ ุง ุฌูู ุชุฑ ุงุฒ ุงุณุชุงูุจูู ุงุณุช,3
669,ุทููุน ุขูุชุงุจ ุฏุฑ ุจุฑูู ุงูุฑูุฒ ฺู ุณุงุนุช ุงุณุช,3
670,ุงุฎุชูุงู ุณุงุนุช ุชูุฑุงู ุจุง ูพุงุฑุณ ุฏุฑ ููู  ุฏูู ุณุงู ฺูุฏุฑ ุงุณุช,3
671,ูุณฺฉู ฺูุฏ ุณุงุนุช ุนูุจ ุง ุฌูู ุชุฑ ุงุฒ ุงุณุชุงูุจูู ุงุณุช,3
672,ุทููุน ุขูุชุงุจ ุฏุฑ ุจุฑูู ุงูุฑูุฒ ฺู ุณุงุนุช ุงุณุช,3
673,ุณุงุนุช ฺูุฏู,3
674,ุณุงุนุช ุฏุฑ ฺฉุงููุฑูุง ฺูุฏ ุงุณุช,3
675,ุขุง ุฏุฑ ุชูุฑูุชู ููู ุดุจ ุงุณุช,3
676,ุชูุงูุช ุณุงุนุช ุขูุฑฺฉุง ุจุง ุงุฑุงู ฺูุฏุฑ ุงุณุช,3
677,ุงุฎุชูุงู ุณุงุนุช ูุง ุจุง ุงุฑููพุง ฺูุฏุฑ ุงุณุช,3
678,ุขูุฑฺฉุง ุณุงุนุช ฺูุฏ ุงุณุช,3
679,ุจุดุชุฑู ุชูุงูุช ุณุงุนุช ุจุง ุงุฑุงู ูุฑุจูุท ุจู ฺฉุฌุงุณุช,3
680,ุงูุฑูุฒ ฺูุฏูู,3
681,ุงุฎุชูุงู ุณุงุนุช ุฏุฑ ุดูุฑ ูุง ุงูุฑฺฉุง ฺูุฏุฑ ุงุณุช,3
682,ุณุงุนุช ุงูุงู ุฏุฑ ฺู ฺูุฏ ุงุณุช,3
683,ุงุฎุชูุงู ุงุฑุงู ู ฺฉุงูุงุฏุง ฺูุฏ ุณุงุนุช ุงุณุช,3
684,ุฎุงููู ุณุงุนุช ฺูุฏ,3
685,ุงูู ูุฑ ุขุจ ุณุงุนุช ฺูุฏู,3
686,ุงุตูุง ุณุงุนุช ฺูุฏู,3
687,ุฌูุงุจ ุณุงุนุช ฺูุฏู,3
688,ุชูุฑุงู ุจุง ฺฏุฑููฺ ฺูุฏ ุณุงุนุช ุงุฎุชูุงู ุฏุงุฑุฏ,3
689,ุดุงูฺฏูุง ฺูุฏ ุณุงุนุช ุงุฒ ุชูุฑุงู ุฌููุชุฑ ุงุณุช,3
690,ูพุงุฑุณ ฺูุฏ ุณุงุนุช ุงุฒ ุชูฺฉู ุนูุจ ุชุฑ ุงุณุช,3
691,ุงูุงู ุฏุฑ ุชฺฏุฒุงุณ ุฑูุฒ ุงุณุช ุง ุดุจ,3
692,ุฎูุฑุดุฏ ฺฉู ุทููุน ู ฺฉูุฏ,3
693,ุงุง ุงูุงู ุฏุฑ ูฺฉุฒฺฉ ููู ุดุจ ุงุณุช,3
694,ูุง ุจุง ุงูฺฏูุณุชุงู ฺู ูุฏุฑ ุงุฎุชูุงู ุฒูุงู ุฏุงุฑู,3
695,ุจู ูุธุฑุช ุงูุงู ุฏุฑ ุชูฺฉู ุตุจุญ ุดุฏู,3
696,ุฏุฑ ููุจูุฑู ุงูุงู ูุณุท ุฑูุฒ ุงุณุช,3
697,ุงฺฏุฑ ุงูุงู ถ ุจุงุดู ูุฑุฏุง ฺฉ ุณุงุนุช ถ ูุดู,3
698,ุงูุงู ุฏุฑ ุงุฑูุงู ุณุงุนุช ฺูุฏ ุงุณุช,3
699,ุขุง ุงูุงู ุฏุฑ ฺฉุงุจู ุธูุฑ ุงุณุช,3
700,ุฏุฑ ุณููุฏุฌ ุขูุชุงุจ ฺู ุณุงุนุช ุบุฑูุจ ู ฺฉูุฏ,3
701,ุงูุงู ูุฑุฏู ุงูููุฑ ุฏูุง ุฏุงุฑู ฺฺฉุงุฑ ูฺฉูู,3
702,ููุช ูู ุฏุงุฑู ุจู ฺฉูุงุณุง ุขููุงู ฺฉุณุดุฑ ฺฏูุด ูุฏูุ ุฌุง ูุซู ุขูุฑฺฉุง ฺฉู ุดุจู ฺูุฏ ููุฑ ุฏุงุฑู ูุงุณู ููุฏฺฏู ูุฎูุฑู,3
703,ฺูุฏ ููุฑ ุฏุงุฑู ุจู ูุชู ูุฑุณู,3
704,ฺูุฏ ููุฑ ุจู ุฏูุง ูุงู,3
705,ุฌุงูุจู ุฏููุณุชู ุงูุง.,3
706,ุณุงุนุช ฺูุฏู,3
707,ุงูุงู ุชู ุชูุฑูุชู ุดุจู ุง ุฑูุฒ,3
708,ุงุฎุชูุงู ุฒูุงู ุชูุฑุงู ู ูุณฺฉู ฺูุฏุฑ ุงุณุช,3
709,ุงูุงู ุณุงุนุช ุฏุฑ ฺฉุงููุฑูุง ฺูุฏ ุงุณุช,3
710,ุงุฎุชูุงู ุฒูุงู ูุงู ุดูุงู ุชุฑู ู ุฌููุจ ุชุฑู ุงุงูุช ุขูุฑฺฉุง ฺูุฏุฑ ุงุณุช,3
711,ุงฺฏุฑ ุฏุฑ ุชูุฑุงู ุณุงุนุช 8 ุดุจ ุจุงุดุฏ ุฏุฑ ุณุฏู ุณุงุนุช ฺูุฏ ุงุณุช,3
712,ุณุงุนุช ููุฏู ุงูุงู ฺูุฏ ุงุณุช,3
713,ุงูุขู ูููุฑฺฉ ฺู ุณุงุนุชู,3
714,ุงูุขู ููฺฉููุฑ ุดุจู,3
715,ุณุงุนุช ููุช ูุง ูโุดู ฺูุฏ ููุฏู,3
716,ฺูุฏ ุณุงุนุช ุฏฺฏู ูโุฑุณู,3
717,ุงูุฑูุฒ ฺฉ ฺฉูุงุณ ุฏุงุฑ,3
718,ุงุฎุชูุงูู ุณุงุนุชู ุงุฑุงู ุจุง ุขูุฑฺฉุง ุญุฏูุฏุงู ฺูุฏ ุณุงุนุชู,3
719,ูุฑุฏุง ุณุงุนุชู ฺูุฏ ุจุงุฏ ุงูโุฌุง ุจุงุดู,3
720,ูโุดู ูู ุณุงุนุช ูุจู ุงุฒ ุฑูุชูุช ุจู ูู ุฎุจุฑ ุจุฏ,3
721,ุงุฎุชูุงู ุฒูุงู ฺุงูพู ู ุงุฑุงู ฺูุฏุฑ ุงุณุช,3
722,ุงูุงู ุณุฆูู ุณุงุนุช ฺูุฏู,3
723,ุงูุงู ุดู ุณุงุนุช ฺูุฏู,3
724,ุงฺฏู ู ุฑูุฒ ุจุฑู ุขูุฑูุง ุงุฎุชูุงู ุณุงุนุชุด ุจุง ุงุฑุงู ฺูุฏุฑู,3
725,ฺูุฏุฑ ุจู ุณุงุนุช ุฏู ูููุฏู,3
726,ูู ุณุงุนุช ุฏฺฏู ุณุงุนุช ฺูุฏู,3
727,ููุช ูุญู ูููุฑฺฉ,3
728,ุงูุงู ุณุงุนุช ฺูุฏู,3
729,ุณุงุนุช ุชู ูุงุดูฺฏุชู ฺูุฏู,3
730,ุงูุงู ุชู ุงุณุชุฑุงูุง ุฑูุฒ ูุณุช,3
731,ฺูุฏ ุจุง ุดูุง ุงุฎุชูุงู ุณุงุนุช ุฏุงุฑู,3
732,ุงููุง ด ุณุงุนุช ุงุฒ ูุง ุฌููุชุฑ ูุณุชู,3
733,ุงุฎุชูุงู ุณุงุนุช ุชูุฑุงู ู ฺฉุงููุฑูุง ฺูุฏุฑ ุงุณุช,3
734,ุงูุงู ุฏุฑ ูุณฺฉู ุดุจ ุงุณุช ุง ุฑูุฒ,3
735,ูุฑุฏุง ฺู ุฑูุฒ ุงุฒ ูุงู ุฏุณุงูุจุฑ ุงุณุช,3
736,ุณุงุนุช ูพฺฉู ุงฺฉููู ฺูุฏ ุงุณุช,3
737,ุงุฎุชูุงู ุณุงุนุช ุชูุฑุงู ู ฺฉุงููุฑูุง ฺูุฏุฑ ุงุณุช,3
738,ุงูุงู ุฏุฑ ูุณฺฉู ุดุจ ุงุณุช ุง ุฑูุฒ,3
739,ูุฑุฏุง ฺู ุฑูุฒ ุงุฒ ูุงู ุฏุณุงูุจุฑ ุงุณุช,3
740,ุณุงุนุช ูพฺฉู ุงฺฉููู ฺูุฏ ุงุณุช,3
741,ฺฉ ุจุงู,3
742,ููุงุฏ ูพุงูุจุฑ ฺู ุฒูุงู ุงุณุช,4
743,ุงูุฑูุฒ ฺูุฏูู,4
744,ฺูุฏ ุฑูุฒ ูููุฏู ุชุง ุนุฏ,4
745,ููุช ุฏฺฉุชุฑุช ูุงุณู ฺูุฏ ุดูุจู ุจูุฏ,4
746,ุชุนุทู ุจุนุฏ ฺฉู,4
747,ุณุฒุฏู ููุฑ ฺูุฏ ุดูุจุณุช,4
748,ฺูุงุฑุดูุจู ธ ุขุฐุฑ,4
749,ุชุงุฑุฎ ููุงุช ุงูุงู ุฎูู(ุฑู) ฺู ุงุณุช,4
750,ุชุงุฑุฎ ูพุฑูุฒ ุฌูููุฑ ุงุณูุงู ฺุณุช,4
751,ุดุงู ฺฉ ุงุฑุงู ุฑุง ุชุฑฺฉ ฺฉุฑุฏ,4
752,ุงูุงู ุฎุงูููโุง (ุฑู) ุฏุฑ ฺู ุชุงุฑุฎ ุฑูุจุฑ ุงุฑุงู ุดุฏ,4
753,ุงูุงู ุฎูู ุฏุฑ ฺู ุชุงุฑุฎ ุงุฑุงู ุฑุง ุชุฑฺฉ ูโฺฉูุฏ,4
754,ุงูุฑูุฒ ฺูุฏู ูุงู ุงุณุช,4
755,ุงู ูุงู ฺูุฏ ุฑูุฒ ุฏุงุฑุฏ,4
756,ุชุงุฑุฎ ุงูุฑูุฒ ุจู ููุงุฏ ฺุณุช,4
757,ุณู ุดูุจู ฺูุฏู ูุงู ุงุณุช,4
758,ููุชู ุฏฺฏุฑ,4
759,ุฑุญูุช ูพุงูุจุฑ ฺู ุฑูุฒ ุงุณุช,4
760,ููุงุฏุช ุญุถุฑุช ุนู ฺู ุฑูุฒ ุงุณุช,4
761,ูุจุนุซ ุฏุฑ ฺฉุฏุงู ูุงู ููุฑ ูุฑุงุฑ ุฏุงุฑุฏ,4
762,ุชููุฏ ุชู ฺฉ ุงุณุช,4
763,ุขุฎุฑู ุฌูุนู ุงู ูุงู ฺู ุชุงุฑุฎ ุฎูุงูุฏ ุจูุฏ,4
764,ุขุง ุณู ุดูุจู ููุชู ุฏฺฏุฑ ุชุนุทู ุงุณุช,4
765,ฺฉุฏุงู ูุงู ุงุฒ ุณุงู 29 ุฑูุฒ ุฏุงุฑุฏ,4
766,ุงููู ุชุนุทู ฺฉู,4
767,ุชูููุฏ ุนู ฺฉ ุจูุฏ,4
768,"ุนุฏ ูุฒุฏฺฉ ุงุณุช.
ููุฑ ูุงู ุณุฑุฏโุชุฑโุงุณุช ุง ูุฑูุฑุฏู",4
769,ุนุฏ ููุฑูุฒ ฺูุฏุดูุจู ุงุณุช,4
770,ุงูุฑูุฒ ฺูุฏู ูุงู ุงุณุช,4
771,ูฺ ุงุณุชูุงุฏู ุง ุงุฒ ุชููู ูุฒฺฉ ููฺฉูู ุดูุง ฺุทูุฑ,4
772,ูุฑุฏุง ุนุฏ ูุฑุจุงู ูุณุช,4
773,ูุฑุฏุง ููุงุณุจุช ุฎุงุต ุฏุงุฑู ุขุง,4
774,ฺูุฏ ุฑูุฒ ุชุง ุนุฏ ูุทุฑ ูููุฏู,4
775,ุณุงู ูู ููุงุฏ ฺู ุฑูุฒ ุชู ุฏ ูุงู ูุดู,4
776,ุนุฏ ููุฑูุฒ 1 ุงู ูุฑูุฑุฏู ุงุณุช,4
777,ุงูุณุงู ูุงู ุฑูุถุงู ุงุฒ ฺู ุชุงุฑุฎ ุดุฑูุน ุฎูุงูุฏ ุดุฏ,4
778,ูพุงุฑุณุงู ฺูุฏ ุฑูุฒ ุฏุฑ ุชููู ุชุนุทู ุฏุงุดุชู,4
779,ูุฑุฏุง ุนุฏ ูุฑุจุงู ูุณุช,4
780,ูุฑุฏุง ููุงุณุจุช ุฎุงุต ุฏุงุฑู ุขุง,4
781,ฺูุฏ ุฑูุฒ ุชุง ุนุฏ ูุทุฑ ูููุฏู,4
782,ุณุงู ูู ููุงุฏ ฺู ุฑูุฒ ุชู ุฏ ูุงู ูุดู,4
783,ุนุฏ ููุฑูุฒ 1 ุงู ูุฑูุฑุฏู ุงุณุช,4
784,ุงูุณุงู ูุงู ุฑูุถุงู ุงุฒ ฺู ุชุงุฑุฎ ุดุฑูุน ุฎูุงูุฏ ุดุฏ,4
785,ูพุงุฑุณุงู ฺูุฏ ุฑูุฒ ุฏุฑ ุชููู ุชุนุทู ุฏุงุดุชู,4
786,ูููุชุงู ุงูุณุงู ุ ฺูุฏู ฺฉุฏุงู ูุงู ุงุณุช,4
787,ุนุงุดูุฑุง ุชุงุณูุนุง ฺฉู,4
788,ุงูุฑูุฒ ฺูุฏ ุดูุจูโุณุช,4
789,ฺูุฏุฑ ูููุฏู ุชุง ุนุฏ,4
790,"ุงุณููุฏ ุดุฏู ุฎุงุจููโูุง ุชุฑุงูฺฉู.
ุตูุฑ ูุงู ุณูฺฏูู.
ุนุฏ ุจุฑู ุดูุงู",4
791,ุงูุฑูุฒ ฺูุฏู ุงุณุช,4
792,ฺูุฏ ููุชู ุฏฺฏุฑ ุชุง ูพุงุงู ุชุฑู ุจุงู ูุงูุฏู ุงุณุช,4
793,ุชููุฏุช ฺฉ ุนู,4
794,ุงูุฑูุฒ ฺูุฏ ุดูุจู ุงุณุช,4
795,ุงูุฑูุฒ ุจู ฺู ููุงุณุจุช ุชุนุทู ุงุณุช,4
796,ุงูุฑูุฒ ฺูุฏูู,4
797,ฺู ุชุง ุชุนุทู ุฏุงุฑู,4
798,ูุฑุฏุง ุชุนุทู ุงุณุช .,4
799,ุงูุฑูุฒ ฺูุฏู ุจุฑุฌู,4
800,ฺูุฏ ูุงู ุฏฺฏู ุนุฏ ูุดู,4
801,"ุทุจู ุชููู ุฏุงุฑู ูุฒุฏฺฉ ฺฉุณุงู ูุดู ฺฉู ฺฉุฑููุง ุงููุฏู 
ุงู ููุชู ูุฑ ุฑูุฒ ุฏุฏูุงู ุชูุฑู ุฏุงุฑู 
ูุฒุฏฺฉุชุฑู ุชุนุทู ุฑุณู ุจุฑุง ุฑูุชู ุจู ูุณุงูุฑุช ฺู ุฒูุงูู",4
802,"16 ุขุฐุฑ ุฑูุฒ ุฏุงูุดุฌูุณุช
ุนุฏ ููุฑูุฒ ุจูุชุฑู ููุงุณุจุช ุฏุฑ ุงุฑุงู ุงุณุช
ุดุจ ูุฏุง 30 ุขุฐุฑ ุงุณุช",4
803,ุฑูุฒ ูุงุฏุฑ ฺฉ ุงุณุช,4
804,ูุฑุฏุง ุจู ฺู ููุงุณุจุช ุชุนุทู ุงุณุช,4
805,ุชููู ุณุงู ุฌุฏุฏ ฺฉ ูุงุฏ,4
806,ุงูุฑูุฒ ฺูุฏู ูุงู ุงุณุช,4
807,ูุฑุฏุง ฺู ููุงุณุจุช ุงุณุช,4
808,ฺุฑุง ููุงุณุจุช ูุง ุชุนุทู ูุตุงุฏู ุจุง ุฌูุนู ู ุดููุฏ,4
809,ุขุง ููุงุณุจุช ุฏุฑูุฒ ููู ุจูุฏ,4
810,ฺุฑุง ุฏุฑ ููุงุณุจุช ูุง ุดูุงุฏุชุ ููู ุฌุง ุชุนุทู ุงุณุช,4
811,ุงูุฑูุฒ ฺู ููุงุณุจุช ุงุณุช,4
812,ูุฑุฏุง ฺู ููุงุณุจุช ุงุณุช,4
813,ฺุฑุง ููุงุณุจุช ูุง ุชุนุทู ูุตุงุฏู ุจุง ุฌูุนู ู ุดููุฏ,4
814,ุขุง ููุงุณุจุช ุฏุฑูุฒ ููู ุจูุฏ,4
815,ฺุฑุง ุฏุฑ ููุงุณุจุช ูุง ุดูุงุฏุชุ ููู ุฌุง ุชุนุทู ุงุณุช,4
816,ุงูุฑูุฒ ฺู ููุงุณุจุช ุงุณุช,4
817,ูุฑุฏุง ฺู ููุงุณุจุช ุงุณุช,4
818,ฺุฑุง ููุงุณุจุช ูุง ุชุนุทู ูุตุงุฏู ุจุง ุฌูุนู ู ุดููุฏ,4
819,ุขุง ููุงุณุจุช ุฏุฑูุฒ ููู ุจูุฏ,4
820,ฺุฑุง ุฏุฑ ููุงุณุจุช ูุง ุดูุงุฏุชุ ููู ุฌุง ุชุนุทู ุงุณุช,4
821,ุงูุฑูุฒ ฺู ููุงุณุจุช ุงุณุช,4
822,ุชุงุฑุฎ ุชููุฏ ุดูุง ฺูุฏู ุงุณุช,4
823,ฺฉุฑุณูุณ ูพุงุฑุณุงู ฺู ุฑูุฒ ุจูุฏ,4
824,ูฺฉุฑ ูฺฉู ุงูุณุงู ุฑูุฒ ฺฉุงุฑฺฏุฑ ุจุฑฺฏุฒุงุฑ ูุดูุฏ,4
825,ุดุฌุฑุงู ฺู ุฑูุฒ ุฏุฑฺฏุฐุดุช,4
826,ฺูุฏ ุฑูุฒ ุฏฺฏู ุนุฏู,4
827,ฺูุฏ ุฑูุฒ ุฏฺฏู ุนุฏู,4
828,ุฑูุฒ ุฌูุงู ุฏุงุฑูุณุงุฒ ฺู ุฑูุฒุณุช,4
829,ุขุง ุงูุฑูุฒ ุฑูุฒ ุฌูุงู ูุนูููุงู ุงุณุช,4
830,ฺูุฏ ุฑูุฒ ุชุง ุนุฏ ููุฑูุฒ ูุงูุฏู,4
831,ุงูุณุงู ฺุงุฑุดูุจู ุณูุฑ ฺูุฏู ุงุณููุฏ ุงุณุช,4
832,ฺูุฏ ุฑูุฒ ุงุฒ ุนุฏ ูุทุฑ ูฺฏุฐุฑุฏ,4
833,ุงูุณุงู ุฑูุฒ ุฏุงูุดุฌู ฺูุฏ ุดูุจู ุงุณุช,4
834,ฺูุฏ ุฑูุฒ ุชุง ุงูุชุฎุงุจุงุช ูุงูุฏู,4
835,ูุฑุฏุง ฺู ุฑูุฒ ุงุณุช,4
836,ุนุฏ ูุทุฑ ุณุงู ุฏฺฏุฑ ฺู ุฑูุฒ ุงุณุช,4
837,ฺูุฏ ุชุนุทู ููุงุณุจุช ุฏุฑ ุณุงู ุฏุงุฑู,4
838,ฺูุฏ ุฑูุฒ ุชุง ุงูุชุฎุงุจุงุช ูุงูุฏู,4
839,ูุฑุฏุง ฺู ุฑูุฒ ุงุณุช,4
840,ุนุฏ ูุทุฑ ุณุงู ุฏฺฏุฑ ฺู ุฑูุฒ ุงุณุช,4
841,ฺูุฏ ุชุนุทู ููุงุณุจุช ุฏุฑ ุณุงู ุฏุงุฑู,4
842,ฺูุฏ ุฑูุฒ ุชุง ุงูุชุฎุงุจุงุช ูุงูุฏู,4
843,ูุฑุฏุง ฺู ุฑูุฒ ุงุณุช,4
844,ุนุฏ ูุทุฑ ุณุงู ุฏฺฏุฑ ฺู ุฑูุฒ ุงุณุช,4
845,ฺูุฏ ุชุนุทู ููุงุณุจุช ุฏุฑ ุณุงู ุฏุงุฑู,4
846,ููุงุณุจุช ูุง ุงูุฑูุฒ ฺู ฺุฒ ูุณุชูุฏ,4
847,ุงุฎุชูุงู ุชุงุฑุฎ ููุฑ ู ุดู ุชููุฏ ุชู ฺูุฏุฑ ุงุณุช,4
848,ุฑูุฒ ุฌูุงู ุดุฎ ููุฏ ฺู ุฑูุฒ ุงุณุช,4
849,ุฏุฑ ุชุงุฑุฎ 9999 ฺู ุชุนุฏุงุฏ ฺฉูุฏฺฉ ุจู ุฏูุง ุงูุฏูุฏ,4
850,13 ุฑุฌุจ ฺู ููุงุณุจุช ุฏุงุฑุฏ,4
851,ููุงุณุจุช ูุง ุงูุฑูุฒ ฺู ฺุฒ ูุณุชูุฏ,4
852,ุงุฎุชูุงู ุชุงุฑุฎ ููุฑ ู ุดู ุชููุฏ ุชู ฺูุฏุฑ ุงุณุช,4
853,ุฑูุฒ ุฌูุงู ุดุฎ ููุฏ ฺู ุฑูุฒ ุงุณุช,4
854,ุฏุฑ ุชุงุฑุฎ 9999 ฺู ุชุนุฏุงุฏ ฺฉูุฏฺฉ ุจู ุฏูุง ุงูุฏูุฏ,4
855,13 ุฑุฌุจ ฺู ููุงุณุจุช ุฏุงุฑุฏ,4
856,ฒ ฺูุฆู ฒููฑ ุฏุฑ ุชุงุฑุฎ ุดูุณ ฺู ุฑูุฒ ุงุณุช,4
857,ฑฑ ูุญุฑู ฑดฒฑ ุจู ููุงุฏ ฺู ุชุงุฑุฎ ุงุณุช,4
858,ููุชู ุจุณุฌ ุฏุฑ ฺู ุชุงุฑุฎ ุงุณุช,4
859,ูุจุนุซ ุฑุณูู ุฏุฑ ฺู ุชุงุฑุฎ ููุฑ ุงุณุช,4
860,ุฑูุฒ ุฌูุงู ูพุณุฑ ุฏุฑ ฺู ูุงู ููุงุฏ ุงุณุช,4
861,ฺูุฏ ุฑูุฒ ุชุง ุนุฏ ููุฑูุฒ ูุงูุฏู ุงุณุช,4
862,ุฑูุฒ ุฌูุงู ุฒู ุฏุฑ ุชููู ูุฌุฑ ููุฑ ฺู ุฑูุฒ ุงุณุช,4
863,ุชููู ูุฌุฑ ุดูุณ ุจุง ูุฌุฑ ููุฑ ฺูุฏ ุฑูุฒ ุงุฎุชูุงู ุฏุงุฑูุฏ,4
864,ุฑูุฒ ุขุฒุงุฏ ุฎุฑูุดูุฑ ุฏุฑ ุชููู ููุงุฏ ฺู ุฑูุฒ ุงุณุช,4
865,ฑน ุดูุฑูุฑ ฺู ููุงุณุจุช ูุง ุฏุงุฑุฏ,4
866,ุขุบุงุฒ ุชุงุฑุฎ ููุงุฏ ฺู ูุงูุน ุจูุฏ,4
867,ุฑูุฒ ุฌูุงู ุฒู ุฏุฑ ุชููู ูุฌุฑ ููุฑ ฺู ุฑูุฒ ุงุณุช,4
868,ุชููู ูุฌุฑ ุดูุณ ุจุง ูุฌุฑ ููุฑ ฺูุฏ ุฑูุฒ ุงุฎุชูุงู ุฏุงุฑูุฏ,4
869,ุฑูุฒ ุขุฒุงุฏ ุฎุฑูุดูุฑ ุฏุฑ ุชููู ููุงุฏ ฺู ุฑูุฒ ุงุณุช,4
870,ฑน ุดูุฑูุฑ ฺู ููุงุณุจุช ูุง ุฏุงุฑุฏ,4
871,ุขุบุงุฒ ุชุงุฑุฎ ููุงุฏ ฺู ูุงูุน ุจูุฏ,4
872,ุงูุฑูุฒ ฺูุฏูู,4
873,ูุงูู ุฏุฏู,4
874,(ุจุฑุง ูุงู ุฑูุถูู),4
875,ฺูุฏุฑูุฒ ุชุง ุดุจ ูุฏุง ูุงูุฏู ุงุณุช,4
876,ุฏูุณุงู ูพุด ุฑูุฒ ูพุฏุฑ ุฏุฑฺู ุฑูุฒ ุจูุฏ,4
877,ููุชู ุขูุฏู ฺู ููุงุณุจุช ุงุณุช,4
878,ุฑูุฒ ุฌูุงู ูุจุงุฑุฒู ุจุง ุฎุดููุช ุนูู ุฒูุงู ฺู ุฑูุฒุณุช,4
879,ุชููุฏู ฺฉู,4
880,ุงูุฑูุฒ ฺูุฏู ูุงู ุงุณุช,4
881,ุงู ูุงู ฺูุฏ ุฑูุฒ ุฏุงุฑุฏ,4
882,ุชุงุฑุฎ ุงูุฑูุฒ ุจู ููุงุฏ ฺุณุช,4
883,ุณู ุดูุจู ฺูุฏู ูุงู ุงุณุช,4
884,ฺูุฏ ุฑูุฒ ุฏุฑ ูุงู ุชุนุทูู,4
885,ุนุฏ ฺูุฏ ุฑูุฒ ุฏฺฏูโ ูุณุช,4
886,ุฑูุฒ ุฌูุงู ุฏุฑุฎุชฺฉุงุฑ ฺู ุฑูุฒ ูุณุช,4
887,ุนุฏ ูุจุนุซ ฺฉ ุงุณุช,4
888,ฺุฑุง ุชููู ูุง ููุงุฏุ ุดูุณ ู ููุฑ ุจุง ฺฉุฏฺฏุฑ ูุฑู ุฏุงุฑูุฏ,4
889,ูุงุตูู ุจู ุนุฏ ูุฑุจุงู ู ุนุฏ ุบุฏุฑ ฺู ุฑูุฒ ุงุณุช,4
890,ฺุฑุง ุชุนุทู ูุฏุงุฑู ุงู ูุงู,4
891,ุชุง ุชููุฏุช ฺูุฏ ุฑูุฒ ูููุฏู,4
892,ุงูุณุงู ุนุฏ ูุทุฑ ฺูุฏ ุดูุจู ูุณุช,4
893,ฺูุฏ ุฑูุฒ ุชุง ฺฉุฑุณูุณ ูููุฏู,4
894,ฺูุฏ ุชุง ุชุนุทู ุชู ุงู ูุงู ุฏุงุฑู,4
895,ุชูุงูุช ุชุนุฏุงุฏ ุฑูุฒ ุชุนุทู ุงุฑุงู ู ุจุฑุฒู ฺูุฏ ุชุงุณุช,4
896,ุชููู ฺู ฺฉุดูุฑุง ุจุง ุฎูุฑุดุฏ ุชูุธู ูุดุฏู,4
897,ุงูุณุงู ฺูุฏ ุฑูุฒ ุชุนุทู ุฏุงุฑู,4
898,ุฑูุฒ ุฌูุงู ฺฉูุฏฺฉ 12 ูุฑุฏุงุฏู,4
899,ุชุงุฑุฎ ุชููุฏุช ฺฉู,4
900,"ูุฑุฏุง ุณุงูฺฏุฑุฏ ุงุฒุฏูุงุฌูููู.
ูุงู ฺฏุฑุฏ ูุงูุฒุฏ ูู ุฌุดู ูฺฏุฑู",4
901,ฺูุฏ ุฑูุฒ ุชุง ููุฑูุฒ ฑดณฒ ูุงูุฏู,4
902,ุฑูุฒ ุฌูุงู ูุนูููุงู ฺูุฏ ุฑูุฒ ูพุด ุจูุฏ,4
903,ุชุง ุฑูุฒ ูุงุฏุฑ ฺูุฏุฑ ูุงูุฏู,4
904,ฒฐ ุฑูุฒ ูพุด ฺู ููุงุณุจุช ุฏุงุดุชู,4
905,ุงู ููุชู ฺู ููุงุณุจุช ุฏุงุฑู,4
906,ููุงุณุจุช ุงูุฑูุฒ ฺู,4
907,ุงููู ุชุนุทู ุจุนุฏ ุงุฒ ุงูุฑูุฒ ฺฉู ุฌูุนู ูุณุชุ ฺู ุฑูุฒโุณุช,4
908,ุงูุฑูุฒ ฺูุฏู ุขุฐุฑ ุงุณุช,4
909,ุฑูุฒ ุฌูุงู ฺฉูุฏฺฉ ฺู ุฑูุฒ ุงุณุช,4
910,ูพุงุฑุณุงู ูุงู ุฑูุถุงู ุงุฒ ฺฉ ุดุฑูุน ุดุฏ,4
911,ุงูุณุงู ุณุงู ุชุญูู ฺูุฏ ุดูุจู ุงุณุช,4
912,ฺูุงุฑุดูุจู ุณูุฑ ูพุงุฑุณุงู ฺูุฏู ุงุณููุฏ ุจูุฏ,4
913,ุขุง ุฑูุฒ ูพุณุฑ ุฏุงุฑู,4
914,ุฑูุฒ ุชููุฏ ูู ุจุฑุงุจุฑ ุงุณุช ุจุง ุฑูุฒ ูุฑฺฏ ุนู ุดุฑุนุช ฺูุฏ ุฑูุฒ ุชุง ุชููุฏ ูู ุจุงู ูุงูุฏู,4
915,ฺูุฏ ุฑูุฒ ุชุง ฺฉ ุชุงุฑุฎ ุฑูุฏ ูุงุตูู ุฏุงุฑู,4
916,ุชุง ุนุฏ ููุฑูุฒ ฺูุฏ ุฑูุฒ ุจุงู ูุงูุฏู,4
917,"ุชุงุฑุฎ ุงูุฑูุฒ ุจู ููุงุฏ
ุชุงุฑุฎ ูููุชุงู ุจู ุดูุณ
ุชุงุฑุฎ ฒฐ ุงุฑุฏุจูุดุช นน ุจู ููุงุฏ
ฒธ ุตูุฑ ฺฉู",4
918,ุขุง ุงูุฑูุฒ ุฑูุฒ ุฌูุงู ฺฉูุฏฺฉ ุงุณุช,4
919,ุดุจ ูุฏุง ฺฉ,4
920,22 ุงุณููุฏ ฺูุฏ ุดูุจู ูุดู,4
921,ฺูุฏุฑ ูุงูุฏู ุชุง ุนุฏ ููุฑูุฒ,4
922,ุฑูุฒ ุณููุง ุฏุฑ ฺู ุชุงุฑุฎุณุช,4
923,ุฑูุฒ ุชููุฏุช ฺูุฏ ุฑูุฒ ุฏฺฏุฑ ุงุณุช,4
924,ฺู ุฑูุฒ ูุง ุฏุฑ ุงู ูุงู ุชุนุทู ุฑุณู ูุณุชูุฏ,4
925,ุงูุณุงู ุณุงู ฺฉุจุณู ุงุณุช,4
926,ฺูุฏุฑ ูุงูุฏู ุชุง ุนุฏ ููุฑูุฒ,4
927,ุฑูุฒ ุณููุง ุฏุฑ ฺู ุชุงุฑุฎุณุช,4
928,ุฑูุฒ ุชููุฏุช ฺูุฏ ุฑูุฒ ุฏฺฏุฑ ุงุณุช,4
929,ฺู ุฑูุฒ ูุง ุฏุฑ ุงู ูุงู ุชุนุทู ุฑุณู ูุณุชูุฏ,4
930,ุงูุณุงู ุณุงู ฺฉุจุณู ุงุณุช,4
931,ฒฒ ุจููู ฺูุฏ ุฑูุฒ ุฏฺฏู ุงุณุช,4
932,ุงู ูุงู ฺูุฏ ุชุง ููุงุณุจุช ุชุนุทู ุฏุงุฑู,4
933,ุงู ูุงู ููุงุณุจุช ุฎุงุต ุฏุงุฑู,4
934,ููุงุณุจุช ูุง ุฒูุณุชุงู ุจุดุชุฑ ุงุณุช ุง ุจูุงุฑ,4
935,ฺูุฏุชุง ุนุฒุงุฏุงุฑ ุฏุงุฑู ุงู ูุงู,4
936,ฺูุฏ ุชุง ุฎูุดุญุงู ูุฐูุจ ุฏุงุฑู ุงู ูุงู,4
937,ุชุนุทู ุบุฑูุฐูุจ ูู ุฏุงุฑู,4
938,ุชุนุทู ูุง ุงูุณุงู ฺุณุช,4
939,ุงูุฑูุฒ ฺู ุฑูุฒุณุช,4
940,ุฑูุฒ ูุงุฏุฑ ฺฉ ุงุณุช,4
941,ุฑูุฒ ูุงุฏุฑ ฺฉ ุงุณุช,4
942,ูุฑุฏุง ุจู ฺู ููุงุณุจุช ุชุนุทู ุงุณุช,4
943,ุชููู ุณุงู ุฌุฏุฏ ฺฉ ูุงุฏ,4
944,ุงูุฑูุฒ ฺูุฏูู ุณุชูู,4
945,ุฏุงุฏุงุด ฺูุฏ ุฑูุฒ ุชุง ุนุฏ ูููุฏู,4
946,ฺูุฏู ูุฑุณ ูุดุช,4
947,ุฑูุฒ ุฌูุงู ุณุฑุทุงู ูุบุฒ ฺฉุฏูู ูุงู ูุดู,4
948,ุจุณุช ุฑูุฒ ุฏฺฏู ฺูุฏูู,4
949,ููุงุณุจุช ุจุนุฏ ฺุณุช,4
950,ฺูุฏ ุฑูุฒ ุชุง ุณุงู ูู ูุงูุฏู,4
951,ุจุฒุฑฺฏุฏุงุดุช ฺฉูุฑูุด ุจุฒุฑฺฏ ฺู ุฑูุฒ ุงุณุช,4
952,ูุฒุฏฺฉ ุชุฑู ุชุนุทู ุฑุณู ฺู ุฑูุฒ ุงุณุช,4
953,ุงูู ฺุงููู ูุตุงุฏู ุจุง ฺฉุฏุงู ุฑูุฒ ุชููู ุฎูุฑุดุฏ ุงุณุช,4
954,ูุฑุฏุง ุนุฏ ุงุณุช,4
955,ฺู ูุฏุฑ ูุงูุฏู ุชุง ฺฉุฑุณูุณ,4
956,ูุงุตูู ุฑูุฒ ุฌูุงู ุฏุฑุฎุช ฺฉุงุฑ ู ุฑูุฒ ุฌูุงู ุงุนุชุงุฏ ฺู ูุฏุฑ ุงุณุช,4
957,ุขุง  ุชุนุทูุงุช ุชุงุจุณุชุงู ฺฉ ูุงู ุฏฺฏุฑ ุงุณุช,4
958,ุฑูุฒ ุฏุงูุดุฌู ฺฉ,4
959,ุขุง ูุฑุฏุง ุชุนุทู ุงุณุช,4
960,ูพุณ ูุฑุฏุง ุนุฏ ุงุณุช,4
961,ููุงุณุจุช ุงูุฑูุฒ ฺุณุช,4
962,ุฑูุฒ ุฌูุงู ฺูพ ุฏุณุช ูุง ฺฉ ุงุณุช,4
963,ุฏูุณุช ุฏุงุฑู ู ุจุงุฑ ุฑูุฒ ุฌูุงู ุจุฏูู ุณูุชู ุฑู ุฌุดู ุจฺฏุฑู. ุฎุฎุฎ,4
964,ุฑูุฒ ูพุณุฑ ฺูุฏูู,4
965,ุนุฏ ูุฑุจุงู ูพุงุฑุณุงู ฺู ุฑูุฒ ุงุฒ ุชุงุฑุฎ ุดูุณ ุจูุฏ,4
966,ุฑูุฒ ุตุงุฏุฑุงุช ฺู ุฑูุฒ ุงุณุช,4
967,ุฑูุฒ ุฌูุงู ุณุฑุทุงู ุณูู ฺู ุฑูุฒ ุงุณุช,4
968,ุฑูุฒ ูพุฏุฑ ุงูุณุงู ฺู ุชุงุฑุฎ ุงุณุช,4
969,ุนุฏ ูุทุฑ ุณุงู ุขูุฏู ฺู ุฑูุฒ ุงุณุช,4
970,ุฑูุฒ ุฏุงูุดุฌู ุณุงู ุจุนุฏ ฺู ุฑูุฒ ุงุณุช,4
971,ูุฑุฏุง ุนุฏู,4
972,ุฑูุฒ ุฌูุงู ุฒู ูุจุงุฑฺฉ. ูฺฏู ูุฑุฏุง ุนุฏู ฺฉู ุชุนุทูู,4
973,ุงูุณุงู ุงุณููุฏ ุณ ุฑูุฒู,4
974,ููุชูู ุฏฺฏู ุจูโุงูุชุนุทูู ุฏุงุฑู,4
975,ฺูุฏุฑ ุชุง ูุงู ุฑูุถูู ูููุฏู,4
976,ุชูููุฏุช ฺูุฏูู ุขุจุงูู,4
977,ุฌุดูู ุฑูุฒู ุฏุงูุดฺฉุฏู ุณู ุฏ ุจูุฏ ุง ฺูุงุฑ ุฏ,4
978,ูุฑุฏุง ููุงุณุจุชู ุฎุงุตูู,4
979,ูุธุฑุช ฺู ุจู ููุงุณุจุชู ุฑูุฒู ูููุฏุณ ู ุฌุดู ุจุฑฺฏุฒุงุฑ ฺฉูู,4
980,ุชูููู ููุฑ ฺูุฏุฑูุฒูโุณ,4
981,ุงูุณุงู ฺฉุจุณู ุงุณุช,4
982,ฺูุฏ ุฑูุฒ ุชุง ฺฉุฑุณูุณ ูููุฏู,4
983,ุฑูุฒ ุฌูุงู ุฎุจุฑูฺฏุงุฑ ฺู ุฑูุฒู,4
984,ฺุฑุง ุชููุฏู ุดูุฑูุฑู,4
985,ฺุฑุง ูุตู ุณูพุชุงูุจุฑ ุดูุฑูุฑู ูุตู ุฏฺฏุด ููุฑู,4
986,ุฑูุฒ ุฏุงูุดุฌู ฺู ุฑูุฒู,4
987,ุงูุณุงู ูุญุฑู ฺฉ ุดุฑูุน ูุดู,4
988,ฺูุฏ ุฑูุฒ ุชุง ุนุฏ ููุฑูุฒ ูููุฏู,4
989,ุชุนุทู ุจุนุฏ ฺฉู,4
990,ุงูุฑูุฒ ฺูุฏูู,4
991,ููุชู ุจุนุฏ ุจู ฺู ููุงุณุจุช ุชุนุทูู,4
992,ฺูุฏ ูููุฏู ุชุง ุชููุฏ ูุงูุงู,4
993,ุณุงู ูพุด ุงุฑุจุนู ฺู ุฑูุฒ ุจูุฏ,4
994,ุฑูุฒ ูพุฒุดฺฉ ฺฉ ูุณุช,4
995,ฺูุฏ ุฑูุฒ ุชุง ุดุจ ูุฏุง ุจุงู ูุงูุฏู,4
996,ุฑูุฒ ูุนูู ฺู ุชุงุฑุฎ ุงุณุช,4
997,ุชุงุฑุฎ ุชููุฏุช ุดูุง ฺู ุฑูุฒ ุงุณุช,4
998,ูุฑุฏุง ฺูุฏู ุงุณุช,4
999,ูุฑุฏุง ฺู ููุงุณุจุช ูุณุช,4
1000,ฺูุฏ ุฑูุฒ ุชุง ุดุจ ูุฏุง ุจุงู ูุงูุฏู,4
1001,ุฑูุฒ ูุนูู ฺู ุชุงุฑุฎ ุงุณุช,4
1002,ุชุงุฑุฎ ุชููุฏุช ุดูุง ฺู ุฑูุฒ ุงุณุช,4
1003,ูุฑุฏุง ฺูุฏู ุงุณุช,4
1004,ูุฑุฏุง ฺู ููุงุณุจุช ูุณุช,4
1005,ุงูุฑูุฒ ฺู ุฑูุฒู,4
