Class1-Q,Class1-W,Class2-Q,Class2-W,Class3-Q,Class3-W,Class4-Q,Class4-W
ุขุง ูุฑุฏุง ููุง ุงุจุฑ ุงุณุชุ,ุขุง - ููุง - ูุฑุฏุง - ุงุจุฑ,ฺู ุฒูุงู ุงุฐุงู ูุบุฑุจ ุดุฑูุน ูโุดูุฏุ,ุฒูุงู - ุงุฐุงู - ูุบุฑุจ,ุณุงุนุช ฺูุฏูุ,ุณุงุนุช,ููุงุฏ ูพุงูุจุฑ ฺู ุฒูุงู ุงุณุชุ,ููุงุฏ - ูพุงูุจุฑ - ุฒูุงู
"ููุง ูุฑุฏุง ุขููุฏุณุช ุ
ุดุงุฎุต ุขููุฏฺฏ ฺูุฏูุ
ุนู ูุฑุฏุง ุจุงุฑูู ูุจุงุฑูุ
ูพุณ ฺฉ ุจุฑู ูุจุงุฑูุ
ููุงุดูุงุณ ุฏุฑ ููุฑุฏ ุขุจ ู ููุง ฺ ฺฏูุชูุ",ุจุฑู - ุจุงุฑูู - ุขููุฏฺฏ - ูุฑุฏุง - ููุงุดูุงุณ,"ุงุฐุงู ฺฉูุ
ุทููุน ุขูุชุงุจ ุณุงุนุช ฺูุฏูุ
ุงุฐุงู ุธูุฑู ฺฏูุชูุ
ุณุงุนุช ฺูุฏ ุงูุทุงุฑ ูุดูุ
ฺูุฏุฑ ูููุฏู ุชุง ุบุฑูุจ ุขูุชุงุจุ",ุงุฐุงู- ุบุฑูุจ- ุงูุทุงุฑ-ุทููุน-ุธูุฑ,"ุงูุงู ุชู ูููุฎ ุณุงุนุช ฺูุฏูุ
ุงุฎุชูุงู ุฒูุงูููู ุจุง ุงุณุชุงูุจูู ฺูุฏุฑูุ
ุณุงุนุช ฺูุฏูุ
ฺูุฏุฑ ูููุฏู ุชุง ฒุ
ุงูุงู ฺฉุงูุงุฏุง ุดุจู ุง ุฑูุฒุ",ุดุจ - ุฑูุฒ - ุณุงุนุช - ุงุฎุชูุงู ุฒูุงู - ุงูุงู ,"ุงูุฑูุฒ ฺูุฏููุ
ฺูุฏ ุฑูุฒ ูููุฏู ุชุง ุนุฏุ
ููุช ุฏฺฉุชุฑุช ูุงุณู ฺูุฏ ุดูุจู ุจูุฏุ
ุชุนุทู ุจุนุฏ ฺฉูุ
ุณุฒุฏู ููุฑ ฺูุฏ ุดูุจุณุชุ
",ฺูุฏ ุดูุจู-ุชุนุทู-ุฑูุฒ-ฺูุฏููุ-ููุช
ุดุจ ุงุณุช.,ุดุจ,ูุจู ุงุฒ ุดุจ ูุจุงุดุฏ,ูุจู - ุดุจ,ุงูุงู ฒณ ู ฒณ ุฏููู ุงุณุช.,ฒณ - ฒณ,ฺูุงุฑุดูุจู ธ ุขุฐุฑ,ด - ธ - น
"ุขููุฏฺฏ ููุง ุชูุฑุงู ุจู ฺู ุนูุช ุงุณุชุ
ููุง ูุณุจ ุงุฑุงู ูุณุจุช ุจู ุฑูุฒ ฺฏุฐุดุชู ฺู ุชุบุฑ ฺฉุฑุฏู ุงุณุชุ
ุฏูุง ููุง ฺูุฏุฑ ุงุณุชุ
ุขุง ููุชู  ุขูุฏู ุจุงุฑุงู ูโุจุงุฑุฏุ
ุชุบุฑุงุช ุขุจ ู ููุง ูุณุจุช ุจู ููุชู  ฺฏุฐุดุชู ฺฺฏููู ุงุณุชุ",ููุง - ุชูุฑุงู - ุงุฑุงู - ุฏูุง - ุจุงุฑุงู,"ุงุฐุงู ุตุจุญ ฺู ุณุงุนุชโุณุชุ
ุงุฎุชูุงู ุฒูุงู ุงุฐุงู ุธูุฑ ุดูุฑ ุชูุฑุงู ู ูุดูุฏ ฺูุฏุฑ ุงุณุชุ",ุงุฐุงู - ุตุจุญ - ุธูุฑ - ุชูุฑุงู - ูุดูุฏ - ุงุฎุชูุงู,"ุงุฎุชูุงู ุฒูุงู ุณุงุนุช ุงุฑุงู ู ุชุฑฺฉู ฺูุฏุฑ ุงุณุชุ
ุงูุฑูุฒ ฺูุฏู ุงุณุชุ
ุฒูุงู ุณุงู ุชุญูู ุณุงู ฑดฐฐ ฺู ุณุงุนุช ุงุณุชุ",ุงุฎุชูุงู - ุงุฑุงู - ุชุฑฺฉู - ุงูุฑูุฒ - ุณุงู - ฑดฐฐ,"ุชุงุฑุฎ ููุงุช ุงูุงู ุฎูู(ุฑู) ฺู ุฑูุฒ ุงุณุชุ
ุชุงุฑุฎ ูพุฑูุฒ ุฌูููุฑ ุงุณูุงู ฺุณุชุ
ุดุงู ฺฉ ุงุฑุงู ุฑุง ุชุฑฺฉ ฺฉุฑุฏุ
ุงูุงู ุฎุงูููโุง (ุฑู) ุฏุฑ ฺู ุชุงุฑุฎ ุฑูุจุฑ ุงุฑุงู ุดุฏุ
ุงูุงู ุฎูู ุฏุฑ ฺู ุชุงุฑุฎ ุงุฑุงู ุฑุง ุชุฑฺฉ ูโฺฉูุฏุ",ููุงุช - ุฎูู - ุชุงุฑุฎ - ุดุงู - ุฎุงูููโุง - ุฑูุจุฑ - ุชุฑฺฉ - ูพุฑูุฒ
"ุขุง ูุฑุฏุง ููุง ุงุจุฑุณุชุ
ุขุง ูุฑุฏุง ุจุงุฑุงู ูุจุงุฑุฏุ!
ุงูุฑูุฒ ููุง ุณุฑุฏ ุชุฑ ุงุณุช.
ููุงุดูุงุณ ุฏุฑ ููุฑุฏ ููุง ูุฑุฏุง ฺู ูฺฏูุฏ ุ",ููุง-ููุงุดูุงุณ- ุงูุฑูุฒ- ูุฑุฏุง - ุจุงุฑุงู-  ุงุจุฑ,,,"ฺูุฏ ุณุงุนุช ุชุง ุบุฑูุจ ูุงูุฏู ุ!
ุชูุฑุงู ฺูุฏ ุณุงุนุช ุจุง ฺฉุงุจู ุงุฎุชูุงู ุฒูุงู ุฏุงุฑุฏุ
ุจุฑุง ูพุฑฺฉุฑุฏู ูุฑูุ ฺูุฏุฑ ุฒูุงู ูุงุฒู ุงุณุช ุ
ุงูุงู ุณุงุนุช ุฏุฑ ุชูุฑุงู ฺูุฏ ุงุณุชุ",ุงูุงู- ุฒูุงู- ุณุงุนุช,"ุงูุฑูุฒ ฺูุฏู ูุงู ุงุณุชุ
ุงู ูุงู ฺูุฏ ุฑูุฒ ุฏุงุฑุฏุ
ุชุงุฑุฎ ุงูุฑูุฒ ุจู ููุงุฏ ฺุณุชุ!
ุณู ุดูุจู ฺูุฏู ูุงู ุงุณุชุ",ูุงู- ฺูุฏู- ุชุงุฑุฎ
ุงูุฏูุงุฑู ููุง ุฏุฒู ููุชู ุขูุฏู ุจุฑู ุจุงุดุฏ,ุฏุฒู-ุดูุดฺฉ-ุฏุฑุจูุฏุณุฑ-ุจุฑู-ุจุงุฑุด-ูพูุฏุฑ-ุงุจุฑ-ุจุงุฑุงู,ุงุฐุงู ุตุจุญ ุฎู ุฒูุฏ ุงุณุช,ุงุฐุงู-ุทููุน-ุงูุชุงุจ-ููุฐู,ุฏุฑ ุฏูุง ุชู ุณุงุนุช ฺูุฏ ุงุณุช,ุณุงุนุช-ุฒูุงู-ุดุฑุงุฒ-ุงุตููุงู-ุชูุฑุงู-ุงุฎุชูุงู ุฒูุงู,ููุชู ุฏฺฏุฑ ,ูุฑุฏุง-ุชุนุทู-ุงูุฑูุฒ-ุฏุฑูุฒ-ุจู ุงุชุนุทูู-ููุฑูุฒ-ฺฉุฑุณูุณ-ููุงุช-ูุทู-ุจุนุซุช
"ุขุง ููุง ุขูุชุงุจ ุงุณุชุ
ุณุงุช ููุงุดูุงุณ ุฑุง ุจุฑุฑุณ ฺฉุฑุฏูโุงุ
ุขุง ุจุฑูุงููโ ููุงุดูุงุณ ุฑุง ุฏุฏุ",ููุง - ุขูุชุงุจ - ููุงุดูุงุณ,"ฺู ุณุงุนุช ุบุฑูุจ ุขูุชุงุจ ุจู ุงูู ุชูุฑุงู ุงุณุชุ
ฺู ุณุงุนุช ูููโุดุจ ุดุฑุน ุจู ุงูู ุชูุฑุงู ุงุณุชุ",ุบุฑูุจ - ุขูุชุงุจ - ูููโุดุจ - ุดุฑุน - ุงูู,"ุณุงุนุช ฺูุฏ ุจุฑูู ูุฑูุ
ููุชุจุงู ฺู ุณุงุนุช ุจุฑฺฏุฒุงุฑ ูโุดูุฏุ",ุณุงุนุช - ฺูุฏ,"ุฑุญูุช ูพุงูุจุฑ ฺู ุฑูุฒ ุงุณุชุ
ููุงุฏุช ุญุถุฑุช ุนู ฺู ุฑูุฒ ุงุณุชุ
ูุจุนุซ ุฏุฑ ฺฉุฏุงู ูุงู ููุฑ ูุฑุงุฑ ุฏุงุฑุฏุ",ุฑุญูุช - ููุงุฏุช - ูุจุนุซ - ูุงู - ููุฑ
"ุขุง ูุฑุฏุง ููุง ฺฉุฑูุงู ุณุฑุฏ ูุดูุฏุ
ฺฺฏููู ูุถุนุช ููุง ุฑุง ูุชูุงู ูพุด ุจู ฺฉุฑุฏุ
ุขุง ุขุจ ู ููุง ฺฉุดูุฑ ูุฑูฺ ูุซู ุงุฑุงู ุงุณุชุ
ฺุฑุง ุฏุฑ ูุตู ุฒูุณุชุงู ูพูุณุช ุฏุณุช ุฎุดฺฉ ูุดูุฏุ",ุขุจ ููุงุ ุณุฑุฏุ ุฒูุณุชุงูุ ูุถุนุช,"ููุจุน ูุนุชุจุฑ ุงุนูุงู ุงููุงุช ุดุฑุน ฺุณุชุ
ฺู ุฒูุงู ุจุฑุง ุฎูุงูุฏู ููุงุฒ ุตุจุญ ููุงุณุจ ุงุณุชุ
ุขุง ุงุฐุงู ุธูุฑ ุณุงุนุช 12 ุงุณุชุ",ุงููุงุชุ ููุงุฒุ ุดุฑุนุ ุงุฐุงู,"ฺูุฏ ุณุงุนุช ุฏฺฏุฑ ุจู ฺฉุฑูุงู ูุฑุณูุ
ุขุง ูุฑุงุฑ ุงูุฑูุฒ ุณุงุนุช 4 ุงุณุชุ
ุนูุฑุจู ุณุงุนุช ุดูุงุฑ ุฑู ฺฉุฏุงู ุนุฏุฏ ูุฑุงุฑ ุฏุงุฑุฏุ
ฺฉ ูุฑูุณ ฺฉุฑููุง ุชูุงู ูุดูุฏุ",ุณุงุนุชุ ูุฑุงุฑุ ุนูุฑุจูุ ฺฉ,"ุชููุฏ ุชู ฺฉ ุงุณุชุ
ุขุฎุฑู ุฌูุนู ุงู ูุงู ฺู ุชุงุฑุฎ ุฎูุงูุฏ ุจูุฏุ
ุขุง ุณู ุดูุจู ููุชู ุฏฺฏุฑ ุชุนุทู ุงุณุชุ
ฺฉุฏุงู ูุงู ุงุฒ ุณุงู 29 ุฑูุฒ ุฏุงุฑุฏุ",ุชููุฏุ ุชุงุฑุฎุ ุฌูุนูุ ุชุนุทูุ ูุงู
,ุดุจ ุณุฑุฏ ูุดู,ุตุจุญ ฺฉ ูุถุง ูุดู,ุบุฑูุจ ุงูุชุงุจ ฺฉู,,ุงูุงู ุงููุฌุง ุณุงุนุช ฺูุฏู,ุงููู ุชุนุทู ฺฉู ,
"ฺฉุฑูโ ุฒูู ุฑูุฒ ุจู ุฑูุฒ ฺฏุฑูโุชุฑ ูโุดูุฏ.
ุขุง ููุง ุจุฑุง ูพุงุฏู ุฑู ููุงุณุจ ุงุณุชุ
ุณุฑุฏโุชุฑู ุฑูุฒ ุณุงู ฺู ุฑูุฒ ุงุณุชุ
","ฺฉุฑู - ุฒูู - ฺฏุฑูโ
ููุง - ูพุงุฏู ุฑู
ุณุฑุฏ - ุฑูุฒ - ุณุงู","ููุงุฒ ุดุจ ุฑุง ุจุงุฏ ฺู ุฒูุงู ุจุฎูุงููุ
ุงุฐุงู ุตุจุญ ุจู ุงูู ุชูุฑุงู ฺู ุฒูุงูโุณุชุ","ููุงุฒ - ุดุจ - ุจุฎูุงูู
ุงุฐุงู ุตุจุญ - ุงูู ุชูุฑุงู - ุฒูุงู","ฺฉ ูโุขุ
ฺู ุฒูุงู ุจุฑุง ุฑูุชู ุจูุชุฑ ุงุณุชุ
ูุงุตููโ ุฒูุงู ุชูุฑุงู ู ูุณฺฉู ฺูุฏุฑ ุงุณุชุ","ฺฉ
ุฒูุงู - ุฑูุชู
ูุงุตููโ ุฒูุงู - ุชูุฑุงู - ูุณฺฉู","ุชูููุฏ ุนู ฺฉ ุจูุฏุ
ุนุฏ ูุฒุฏฺฉ ุงุณุช.
ููุฑ ูุงู ุณุฑุฏโุชุฑโุงุณุช ุง ูุฑูุฑุฏูุ","ุชูููุฏ
ุนุฏ - ูุฒุฏฺฉ
ููุฑ - ูุงู - ุณุฑุฏ - ูุฑูุฑุฏู"
ููุง ุจุฑูู ูุฑุฏุง  ุจุงุฑูู ุงุณุชุ,ููุง-ุจุฑูู-ุจุงุฑูู,ฺู ูุฑู ุฏุงุฑุฏ ุงุฐุงู ฺฉ ุจุงุดุฏุ,ุงุฐุงู- ฺู ูุฑู,ุณุงุนุช ุจุฑูู ฺูุฏุฑ ุงุฒ ุณุงุนุช ุชูุฑุงู ุนูุจโุชุฑ ุงุณุชุ,ุณุงุนุช ุนูุจโุชุฑ,ุนุฏ ููุฑูุฒ ฺูุฏุดูุจู ุงุณุชุ,ุนุฏ-ฺูุฏุดูุจู
"ููุง ุงูุฑูุฒ ุณุฑุฏ ุจูุฏุ
","ุจุงุฑุงู_ุฏูุง_ุขูุชุงุจ_ ุงุจุฑ
",ุขูุชุงุจ ฺฉ ุทููุน ูฺฉููุ,ูุบุฑุจ_ุทููุน_ุบุฑูุจ_ุดุจฺฉู ุณู,ุงููุฌุง ุงูุงู ุณุงุนุช ฺูุฏูุ,ุณุงุนุช_ุตุจุญ_ฺฏุฑููฺ,ุงูุฑูุฒ ฺูุฏู ูุงู ุงุณุชุ,ุชููุฏ_ููุฑูุฒ_ูุงู_ููุงุณุจุช
ููุง ุณุฑุฏ ุดุฏู ู ููุช ุชุงุฒฺฏุง ุฏุงุฑู ูุฑุจูู ุตุฏูู ุจุฑู ูุฑู,ููุง ุณุฑุฏ ุจุฑู ,ุงุฒ ฺู ุณุงุช ูุดู ุงููุงุช ุดุฑุนู ูพุฏุง ฺฉุฑุฏุ,ุณุงุช ูพุฏุง,ุฏุฑ ููุฑุฏ ุฑูุงู ุจุฑูุฏุดูู ุณูุฏุฑุณูู ุจู ูุงู ฺุฑุฎ ุฒูุงู ุดูุฏุ,ุฑูุงู ุฒูุงู ูุงู,ูฺ ุงุณุชูุงุฏู ุง ุงุฒ ุชููู ูุฒฺฉ ููฺฉูู ุดูุง ฺุทูุฑ,ุงุณุชูุงุฏู ูุฒฺฉ 
"ูุฑุฏุง ูู ููุง ูุซู ุงูุฑูุฒ ุจุงุฑูููุ 
ูพุงุฑุณุงู ุงููุฏุฑ ููุง ุณุฑุฏ ูุจูุฏุ ุจูุฏุ 
ูุซู ุงูฺฉู ุงูุณุงู ููุง ุชูุฑุงู ูุฑุงุฑู ุงุฒ ููู  ุณุงู ูุง ูุจู ุณุฑุฏุชุฑ ุจุงุดู. ุจุงุฑุด ุจุฑู ุณุงู ูุดุชุงุฏ ู ูพูุฌ ุณูฺฏูุชุฑ ุจูุฏุ ุง ุจุงุฑุดูุง ุจุฑู ุงูุณุงู ูุฑุงุฑู ุณูฺฏูุชุฑ ุจุงุดูุ 
ุทููุงูุชุฑู ุจุงุฑุด ุจุงุฑุงู ฺฉู ุชุง ุญุงูุง ุจูุฏูุ ฺูุฏ ุฑูุฒ ุจูุฏูุ 
ุจุดุชุฑู ุงุฑุชูุงุน ฺฉู ุชุง ุจุญุงู ุจุฑู ุขูุฏู ฺูุฏุฑ ุจูุฏู ุงุณุชุ","ูุฑุฏุง - ุงูุฑูุฒ - ุจุงุฑูู - ูพุงุฑุณุงู - ููุง - ุณุฑุฏ - ุงูุณุงู - ุชูุฑุงู - ุณุฑุฏุชุฑ - ุจุฑู - ุณุงู - ุณูฺฏูุชุฑ
ุงูุณุงู - ุทููุงูุชุฑู - ุจุงุฑุงู - ุชุง ุญุงูุง - ุฑูุฒ - ุจุดุชุฑู - ุงุฑุชูุงุน - ุจุฑู",ุงุฐุงู ุตุจุญ ุฑุง ฺฉ ุฎูุงูุฏูุฏุ ุจุนุฏ ุงุฒ ุงุฐุงู ุธูุฑ ุฏุฑ ููุงุฒุฎุงูู ููุงุฒฺฏุฒุงุฑ ฺฉููุ ุง ุฏุฑ ูุณุฌุฏุ,ุงุฐุงู ุตุจุญ - ุงุฐุงู ุธูุฑ - ููุงุฒุฎุงูู - ููุงุฒฺฏุฒุงุฑ - ูุณุฌุฏ,ุงูุงู ุณุงุนุช ฺูุฏูุ ุงูุงู ุฏุฑููุช ูุณุช ุชู ุงุณุชฺฉูููุ ุชู ุจุฑูู ฺู ุณุงุนุช ูุนุงุฏู ุฒูุงู ุชูุฑุงู ุณุงุนุช ฺฉุงุฑุดูู ุดุฑูุน ูุดูุ,ุงูุงู - ุณุงุนุช - ุงูุงู - ุฏุฑููุช - ุงุณุชฺฉููู - ุจุฑูู - ูุนุงุฏู - ุฒูุงู - ุชูุฑุงู - ุณุงุนุช ฺฉุงุฑ - ุดุฑูุน,ูุฑุฏุง ุนุฏ ูุฑุจุงู ูุณุชุ ูุฑุฏุง ููุงุณุจุช ุฎุงุต ุฏุงุฑู ุขุงุ ฺูุฏ ุฑูุฒ ุชุง ุนุฏ ูุทุฑ ูููุฏูุ ุณุงู ูู ููุงุฏ ฺู ุฑูุฒ ุชู ุฏ ูุงู ูุดูุ ุนุฏ ููุฑูุฒ 1 ุงู ูุฑูุฑุฏู ุงุณุชุ ุงูุณุงู ูุงู ุฑูุถุงู ุงุฒ ฺู ุชุงุฑุฎ ุดุฑูุน ุฎูุงูุฏ ุดุฏุ ูพุงุฑุณุงู ฺูุฏ ุฑูุฒ ุฏุฑ ุชููู ุชุนุทู ุฏุงุดุชูุ,ูุฑุฏุง - ุนุฏ ูุฑุจุงู - ูุฑุฏุง - ููุงุณุจุช - ุนุฏ ูุทุฑ - ุณุงู ูู - ููุงุฏ - ุฏ ูุงู - ุนุฏ - ููุฑูุฒ - ูุฑูุฑุฏู - ุงูุณุงู - ูุงู - ุฑูุถุงู - ฺู ุชุงุฑุฎ- ุดุฑูุน - ูพุงุฑุณุงู - ุชููู - ุชุนุทู 
"- ุจุฑุง ููุง ูุฑุฏุง ฺู ูุจุงุณ ููุงุณุจ ุงุณุชุ
- ููุง ูุฑุฏุง ฺุทูุฑ ุงุณุชุ
- ููุง ุขูุณุชุฑุฏุงู ูุนูููุง ฺฺฏููู ุณุชุ
- ุขุง ููุง ุจุฑุง ูุงูฺฏุฑ ููุงุณุจ ุงุณุชุ",ููุง - ูุจุงุณ - ููุงุณุจ - ูุงูฺฏุฑ ,,,,,,
ุขุง ุฏุฑ ูพูุฌ ุฑูุฒ ุขุช ุ ุฏุฑ ุชูุฑุงู ุจุฑู ุฎูุงูุฏ ุขูุฏ ุ,ุจุฑู ุ ุขุช ุ ุชูุฑุงู,ุชูุงูุช ุฒูุงู ุจู ุบุฑูุจ ุขูุชุงุจ ู ุงุฐุงู ูุบุฑุจ ฺูุฏุฑ ุงุณุช ุ,ุชูุงูุช ุ ุงุฐุงู ูุบุฑุจ ุ ุบุฑูุจ ุขูุชุงุจ,ฺูุฏ ุณุงุนุช ุงุฒ ฺฏู ุขุฎุฑ ููฺุณุชุฑ ุณุช ุฏุฑ ูฺฏ ููุฑูุงูุงู ูุจู ฺฏุฐุดุชู ุงุณุช ุ,ฺฏู ุขุฎุฑ ุ ููฺุณุชุฑ ุณุช ุ ูฺฏ ููุฑูุงูุงู,ูููุชุงู ุงูุณุงู ุ ฺูุฏู ฺฉุฏุงู ูุงู ุงุณุช ุ,ูููุชุงู ุ ฺูุฏู ุ ูุงู
"ฺุชุฑ ูุงุฒู ุฏุงุฑูุ
ุจุงุฑูู ูุงุฏุ
ุฑฺฏุจุงุฑ ูโุฒููุ
ููุง ุฎู ุฎูุจู.
ููุง ุฏูโููุฑูโุณ.",ููุง - ูุฑุฏุง - ุจุงุฑูู - ุฑฺฏุจุงุฑ - ุฎูุจ - ุนุดู,"ุงุฐุงููุ
ุชุง ฺฉ ูุดู ููุงุฒ ุฎููุฏุ
ููุงุฒู ูุถุง ุดุฏ.
ฺฉ ุณุงุนุช ุจุฐุงุฑู ุจุฑุง ููุงุฒุ
ุณุงุนุช ฺฏุฐุงุดุช ุจุฑุง ุณุญุฑุ
ุงูุทุงุฑ ฺฉูุ
ูุงู ุฑูุถูู ุงูุณุงูู ฺฉู ุชู ุชุงุจุณุชููู.",ุงุฐุงู - ููุงุฒ - ุณุงุนุช - ุณุญุฑ - ุงูุทุงุฑ- ุฑูุถุงู,"ุณุงุนุช ฺูุฏูุ
ูโุชููู ุจู ุนููู ุชู ฺฉุงููุฑูุง ุฒูฺฏ ุจุฒููุ
ุณุงุนุช ุฑูุฏ ูุดุฏ ุฏุฑุณ ุจุฎูููุ
ุณุงุนุช ฺูุฏ ูุชุฑู ุจุงุดูุ",ุณุงุนุช - ฺฉุงููุฑูุง - ุฑูุฏ - ูุชุฑู - ูุฑุงุฑ,"ุนุงุดูุฑุง ุชุงุณูุนุง ฺฉูุ
ุงูุฑูุฒ ฺูุฏ ุดูุจูโุณุชุ
ฺูุฏุฑ ูููุฏู ุชุง ุนุฏุ
ุงุณููุฏ ุดุฏู ุฎุงุจููโูุง ุชุฑุงูฺฉู.
ุตูุฑ ูุงู ุณูฺฏูู.
ุนุฏ ุจุฑู ุดูุงูุ
",ุงูุฑูุฒ - ุดูุจู - ุนุฏ - ุดูุงู - ุงุณููุฏ - ูุงุจูู - ุชุฑุงูฺฉ - ุตูุฑ - ูุงู
"ุขุง ุณู ุดูุจู ุจุงุฑุงู ูโุจุงุฑุฏุ
ุขููุฏฺฏ ููุง ุงูุฑูุฒ ฺูุฏุฑ ุงุณุชุ
ุงู ููุง ุจุฑุง ุณฺฏุงุฑ ุฒุงุฏ ุนุงู ูุณุชุ
ุขุง ููุง ุจุงุฑุงู ุฑุง ุฏูุณุช ุฏุงุฑุ
ุชู ุงู ููุง ุจูุชุฑู ฺู ูุจุงุณ ุจูพูุดูุ",ุณู ุดูุจู - ุจุงุฑุงู - ุขููุฏฺฏ - ุงูุฑูุฒ - ุณฺฏุงุฑ - ุนุงู - ุจุงุฑุงู - ุฏูุณุช ุฏุงุดุชู - ูุจุงุณ - ููุง,"ุขุง ููุงุฒู ูุถุง ุดุฏู ุงุณุชุ
ุชุง ฺู ุณุงุนุช ูุฑุตุช ุฏุงุฑู ููุงุฒ ุจุฎูุงููุ
ฺูุฏ ุณุงุนุช ุฏฺฏุฑ ูโุชูุงูู ุงูุทุงุฑ ฺฉููุ
ุงุฐุงู ุตุจุญ ุณุงุนุช ฺูุฏ ุงุณุชุ",ููุงุฒ - ูุถุง - ุณุงุนุช - ูุฑุตุช - ุงูุทุงุฑ - ุตุจุญ - ุงุฐุงู - ,"ุงูุงู ฺฉุงูุงุฏุง ุณุงุนุช ฺูุฏ ุงุณุชุ
ุงูุฑูุฒ ฺู ุณุงุนุช ูโุชูุงูู ุชู ุฑุง ุจุจููุ
ุฏุดุจ ฺูุฏ ุณุงุนุช ุฎูุงุจุฏุ
ฺูุฏ ุณุงุนุช ุจุฑุง ุงูุฌุงู ุงู ูพุฑูฺู ูุงุฒ ุฏุงุฑูุ 
ุงูุฑูุฒ ุฒูุงู ุจุฑุง ุชู ูู ุฒูุฏ ฺฏุฐุดุชุ",ุงูุงู - ฺฉุงูุงุฏุง - ุณุงุนุช - ุจุจูู - ุชู - ูโุชูุงูู - ุงูุฑูุฒ - ุฏุดุจ - ฺูุฏ - ุฎูุงุจ -  ูพุฑูฺู - ูุงุฒ - ุฒูุงู - ฺฏุฐุดุช,"ุงูุฑูุฒ ฺูุฏู ุงุณุชุ
ฺูุฏ ููุชู ุฏฺฏุฑ ุชุง ูพุงุงู ุชุฑู ุจุงู ูุงูุฏู ุงุณุชุ
ุชููุฏุช ฺฉ ุนูุ
ุงูุฑูุฒ ฺูุฏ ุดูุจู ุงุณุชุ
ุงูุฑูุฒ ุจู ฺู ููุงุณุจุช ุชุนุทู ุงุณุชุ",ุงูุฑูุฒ - ฺูุฏู - ฺูุฏ - ููุชู - ูพุงุงู - ุชุฑู - ุจุงู ูุงูุฏู - ุชููุฏ - ฺฉู - ุดูุจู - ููุงุณุจุช - ุชุนุทู
"ููุง ฺุทูุฑูุ
ููุง ฺฏุฑู ุจูุชุฑู ุง ุณุฑุฏุ
ุชู ููุง ฺฏุฑู ูุจุงุณ ุฑูุดู ููพูุดูุ
ููุง ุงุฑุงู ฺฏุฑู ู ุฎุดฺฉู ุง ุณุฑุฏ ู ูุฑุทูุจุ
ููุง ุจุงุฑูู ุทุฑูุฏุงุฑ ุจุดุชุฑ ุฏุงุฑู ุง ููุง ุขูุชุงุจุ",ููุง - ุณุฑุฏ-ฺฏุฑู-ูุจุงุณ-ุฑูุดู-ุงุฑุงู-ูุฑุทูุจ-ุจุงุฑูู - ุขูุชุงุจ,"ุงุฐุงู ุตุจุญ ฺฉูุ
ูุงุตูู ุงุฐุงู ุตุจุญ ุชุง ุทููุน ุฎูุฑุดุฏ ฺูุฏุฑูุ",ุงุฐุงู ุตุจุญ - ุทููุน - ุฎูุฑุดุฏ - ูุงุตูู,"ุณูุฑ ุฏุฑ ุฒูุงู ููฺฉููุ
ุฒูุงู ุจุนุฏ ฺูุฏููุ
ุจู ุณุงุนุช ุฏุฑูู ุงุนุชูุงุฏ ุฏุงุฑุ",ุณูุฑ - ุฒูุงู - ุจุนุฏ - ุฏุฑูู ,"ุงูุฑูุฒ ฺูุฏููุ
ฺู ุชุง ุชุนุทู ุฏุงุฑูุ",ุงูุฑูุฒ - ุชุนุทู
ุขุจ ู ููุง  ฺฉุฑูุงู ุจุทูุฑ ฺฉู ฺฺฏููู ุงุณุช ุ,ุขุจ ู ููุง -ฺฉู-ฺฉุฑูุงู,ุทููุน ุฎูุฑุดุฏ ูุฑุฏุง ฺฉุฑูุงู ฺู ุฒูุงู ุงุณุช ุ,ุทููุน - ุฎูุฑุดุฏ - ฺฉุฑูุงู - ูุฑุฏุง,ููุชุจุงู ุณุงุนุช ฺูุฏ ุงุณุช ุ,ููุชุจุงู - ุณุงุนุช ,ูุฑุฏุง ุชุนุทู ุงุณุช .,ูุฑุฏุง - ุชุนุทู
"ูุงูฺฏู ุจุงุฑูุฏฺฏ ุณุงูุงูู ุฏุฑ ุชูุฑุงู ฺูุฏุฑ ุงุณุช ุ 
ูุฑุฏุง ููุง ุจุฑู ุฎูุงูุฏ ุจูุฏ . 
ุงุฒ ููุง ฺฏุฑู ุจุฒุงุฑู ! 
ููุง ุงฺฏู ุจุงุฑูู ุจูุฏ ูุง ุจุฑู ุจุฑููุ 
ุดูุฏู ููุชู ุจุนุฏ ููุง ูุฑุงุฑู ฺฏุฑู ุจุดู ุ ุฏุฑุณุชู ุ",ููุง ุ ุจุงุฑุงู ุ ฺฏุฑู ,"ูุฑุฏุง ุงุฐุงู ุตุจุญ ฺู ุณุงุนุชู ุ 
ููู ุดุจ ุดุฑุน ฺู ุณุงุนุชู ุ 
ูู ุฏุฑูุฒ ุจุฑุง ููุงุฒ ุตุจุญ ุฎูุงุจ ูููุฏู !
ุงุฐุงู ุธูุฑ ุงุตููุงู ู ุชูุฑุงู ฺูุฏุฑ ุงุฎูุงู ุฏุงุฑูุ
",ุงุฐุงู ุ ุตุจุญ ,"ุณุงุนุช ุงุฑุงู ู ุงุชุฑุด ฺูุฏุฑ ุจุง ูู ุชูุงูุช ุฏุงุฑู ุ 
ุงูุงู ุณุงุนุช ฺูุฏูุ 
ฺู ุณุงุนุช ฺฉูุงุณ ุฏุงุฑ ู ุจุงุฏ ุงุฒ ุฎูุงุจ ุจุฏุงุฑ ุจุดุ
ููุชุจุงู ุจุงุฑุณูููุง ุณุงุนุช ฺูุฏู ุงูุดุจุ
ุงุฎุชูุงู ุฒูุงู ุชูุฑุงู ู ุงุตููุงู ฺูุฏ ุฏููุณุ",ุณุงุนุช ุ ุฒูุงู ,"ุงูุฑูุฒ ฺูุฏู ุจุฑุฌูุ 
ฺูุฏ ูุงู ุฏฺฏู ุนุฏ ูุดูุ
ุทุจู ุชููู ุฏุงุฑู ูุฒุฏฺฉ ฺฉุณุงู ูุดู ฺฉู ฺฉุฑููุง ุงููุฏู !
ุงู ููุชู ูุฑ ุฑูุฒ ุฏุฏูุงู ุชูุฑู ุฏุงุฑู !!
ูุฒุฏฺฉุชุฑู ุชุนุทู ุฑุณู ุจุฑุง ุฑูุชู ุจู ูุณุงูุฑุช ฺู ุฒูุงููุ",ููุชู ุ ุฑูุฒ ุ ุณุงู 
"ฺู ูุฏุฑ ููุง ุณุฑุฏ ุดุฏู
ููุง ููุง ุฏู ููุฑู ุงุณุช","ุจุฑ ู
ุจุงุฑูู 
ููุงุดูุงุณ 
ุณุฑุฏ","ููุงุฒ ูุถุง ูุดู
ุงุฐุงู ุตุจุญ ฺฉ ูุณุชุ
","ููุงุฒ 
ุงุฐุงู 
","ุณุงุนุช ฺูุฏ ุงุณุชุ
ุงูุงู ููฺฉููุฑ ุณุงุนุช ฺูุฏ ุงุณุชุ","ุณุงุนุช 
ููฺฉููุฑ","16 ุขุฐุฑ ุฑูุฒ ุฏุงูุดุฌูุณุช
ุนุฏ ููุฑูุฒ ุจูุชุฑู ููุงุณุจุช ุฏุฑ ุงุฑุงู ุงุณุช
ุดุจ ูุฏุง 30 ุขุฐุฑ ุงุณุช","ุฑูุฒ
ููุงุณุจุช"
"ูุฑุฏุง ููุง ุณุฑุฏ ุงุณุชุ
ููุง ุณุฑุฏ ุจุฑุง ฺฉุงุดุช ฺู ููุน ุฏุฑุฎุช ูุชูุงุณุจ ุงุณุชุ
ุงุจ ู ููุง ุงู ููุทูู ฺฺฏููู ุงุณุชุ
ููุง ุชูุฑุงู ุฏุฑ ููุชู ูพุด ุฑู ฺฺฏููู ุงุณุชุ",,"ุงุฐุงู ุตุจุญ ุฏุฑ ูุดูุฏ ฺู ุฒูุงู ุงุณุชุ
ุฑูุฒู ุฏุฑ ฺู ุตูุฑุช ุจุงุทู ูุดูุฏุ
ุงุตูู ูุถูุน ฺฺฏููู ุงุณุชุ
ููุงุฒ ุดฺฉุณุชู ุฏุฑ ฺู ุตูุฑุช ุงุณุชุ",,"
ุงุฎุชูุงู ุณุงุนุช ุฏุฑ ุดูุฑ ูุง ุงูุฑฺฉุง ฺูุฏุฑ ุงุณุชุ
ุณุงุนุช ุงูุงู ุฏุฑ ฺู ฺูุฏ ุงุณุช ุ
ุงุฎุชูุงู ุงุฑุงู ู ฺฉุงูุงุฏุง ฺูุฏ ุณุงุนุช ุงุณุชุ",,"ุฑูุฒ ูุงุฏุฑ ฺฉ ุงุณุชุ
ูุฑุฏุง ุจู ฺู ููุงุณุจุช ุชุนุทู ุงุณุชุ
ุชููู ุณุงู ุฌุฏุฏ ฺฉ ูุงุฏุ ",
"ููุง ุงูุฑูุฒ ุณุฑุฏ ุจูุฏุ
","ุจุงุฑุงู_ุฏูุง_ุขูุชุงุจ_ ุงุจุฑ
",ุขูุชุงุจ ฺฉ ุทููุน ูฺฉููุ,ูุบุฑุจ_ุทููุน_ุบุฑูุจ_ุดุจฺฉู ุณู,ุงููุฌุง ุงูุงู ุณุงุนุช ฺูุฏูุ,ุณุงุนุช_ุตุจุญ_ฺฏุฑููฺ,ุงูุฑูุฒ ฺูุฏู ูุงู ุงุณุชุ,ุชููุฏ_ููุฑูุฒ_ูุงู_ููุงุณุจุช
"ฺุฑุง ููุง ุชูุฑุงู ููุดู ุขููุฏู ุงุณุชุ
ุขุง ููุง ุชูุฑุงู ูพุงฺฉุฒู ุฎูุงูุฏ ุจูุฏ ุฑูุฒุ
ููุง ูู ฺู ฺฉู ุงุฒ ููุง ุชูุฑุงู ุฏุงุฑุฏุ
ุขุง ุขุจ ุชูุฑุงู ุจูุชุฑ ุงุฒ ููุง ุขู ูุณุชุ
ุขุง ููุง ุชูุฑุงู ุฑุง ูุชูุงู ุชุญูู ฺฉุฑุฏุ ","ููุง - ุชูุฑุงู - ุขููุฏู
ููุง - ุชูุฑุงู - ูพุงฺฉุฒู - ุฑูุฒ
ููุง - ูู - ฺฉู - ุชูุฑุงู
ุขุจ - ุชูุฑุงู - ููุง
ููุง - ุชูุฑุงู - ุชุญูู","ฺุฑุง ุงููุงุช ุดุฑุน ููุงุทู ูุฎุชูู ุชุง ุงู ุญุฏ ูุชูุงูุช ุงุณุชุ
ุฒูุงู ูุง ุฏูู ุงููุงุช ุดุฑุน ุจู ฺู ุตูุฑุช ุชุนู ูโุดููุฏุ
ฺุฑุง ุฏุฑ ูุงู ุฑูุถุงู ุณุฑุนุช ุญุฑฺฉุช ุงุฐุงู ุตุจุญ ุฎู ุฒุงุฏ ุงุณุชุ
ุงุฐุงู ุตุจุญ ุชูุฑุงู ุฏุฑูุฒ ฺู ุฒูุงู ุจูุฏุ
ุงุฐุงู ุธูุฑ ุดุฑุงุฒ ูุฑุฏุง ฺู ุฒูุงู ุงุณุชุ","ุงููุงุช ุดุฑุน - ููุงุทู - ูุชูุงูุช
ุฒูุงู ุฏูู - ุงููุงุช ุดุฑุน - ุชุนู
ูุงู ุฑูุถุงู - ุณุฑุนุช - ุงุฐุงู ุตุจุญ
ุงุฐุงู ุตุจุญ - ุชูุฑุงู - ุฏุฑูุฒ
ุงุฐุงู ุธูุฑ - ุดุฑุงุฒ - ูุฑุฏุง","ฺู ูุฏุช ุฒูุงู ุชุง ุณุงุนุช ฑท ุจุงู ูุงูุฏู ุงุณุชุ
ุณุงุนุช ุฒุฏ ุงูุงู ฺูุฏ ุงุณุชุ
ุณุงุนุช ถ ูุฏู ุงุณุช ุง ุฌุฏุฏุ
ุณุงุนุช ุชูุฑุงู ุงูุงู ฺูุฏ ุงุณุชุ
ุณุงุนุช ุชุจุฑุฒ ุงูุงู ฺูุฏ ุงุณุชุ","ูุฏุช ุฒูุงู - ุณุงุนุช - ุจุงู
ุณุงุนุช - ุงูุงู - ุฒุฏ
ุณุงุนุช - ูุฏู - ุฌุฏุฏ
ุณุงุนุช - ุงูุงู - ุชูุฑุงู
ุณุงุนุช - ุงูุงู - ุชุจุฑุฒ","ูุฑุฏุง ฺู ููุงุณุจุช ุงุณุชุ
ฺุฑุง ููุงุณุจุช ูุง ุชุนุทู ูุตุงุฏู ุจุง ุฌูุนู ู ุดููุฏุ
ุขุง ููุงุณุจุช ุฏุฑูุฒ ููู ุจูุฏุ
ฺุฑุง ุฏุฑ ููุงุณุจุช ูุง ุดูุงุฏุชุ ููู ุฌุง ุชุนุทู ุงุณุชุ
ุงูุฑูุฒ ฺู ููุงุณุจุช ุงุณุชุ","ูุฑุฏุง - ููุงุณุจุช 
ููุงุณุจุช - ุชุนุทู - ุฌูุนู
ููุงุณุจุช - ุฏุฑูุฒ - ููู
ููุงุณุจุช - ุดูุงุฏุช โ- ุชุนุทู
ุงูุฑูุฒ - ููุงุณุจุช"
"ุจูุธุฑุช ุจูุชุฑู ุขุจ ู ููุง ุจุฑุง ฺฉุฏูู ูุตููุ
ุขุจ ู ููุง ููุฑุฏ ุนูุงูุช ฺูุ
ุชู ุงู ุขุจ ู ููุง ูุจุงุณ ฺฏุฑู ููโูพูุดุ
ุขุจ ู ููุง ุงูุณุงู ุจุง ูพุงุฑุณุงู ุฎู ูุฑู ูุฏุงุฑูุ
ุขุจ ู ููุง ฺฉุฏูู ฺฉุดูุฑู ูโูพุณูุฏุ",ููุง- ูุตู-ูุจุงุณ-ุงูุณุงู-ฺฉุดูุฑ,"ุงุฐุงู ูุบุฑุจ ุณุงุนุช ฺูุฏูุ
ุงุฐุงู ุธูุฑ ฺูุฏ ููุง ฺฏุฑููุ
ุชุฑุฌุญ ูุฏ ุงุฐุงู ูุบุฑุจ ุฏุฑุชุฑ ุจุงุดู ุง ุฒูุฏุชุฑุ
ูุจู ุงุฒ ุงุฐุงู ูุบุฑุจ ูโุฑุณ ุฎูููุ
ุงุฐุงู ุดูุฑุชูู ฺูุฏ ุฏูู ุจุง ุงูุฌุง ูุงุตูู ุฏุงุฑูุ",ุงุฐุงู ูุบุฑุจ,,,,
"ุขุง ุงูุฑูุฒ ุจุงุฑุงู ุขูุฏ
ุฏูุง ููุง ุดุจ ูุง ุจู ฺูุฏ ุฏุฑุฌู ู ุฑุณุฏ
ูุงฺฏู ุณุฑุนุช ุจุงุฏ ฺูุฏุฑ ุงุณุช
ฺฉุฌุง ุจุฑู ุขูุฏู ุงุณุช
ุขูุชุงุจุณุช ููุง ุง ฺฏุฑูุชุณุช ูููุฒ","ุจุฑู ุจุงุฑุงู ุจุงุฏ ุณุฑุนุช ุขูุงุจ
",,,,,,
ุขุณูุงู ุงูุฑูุฒ ุฑุดุช ุงุจุฑ ุงุณุชุ,ุขุณูุงู _ุฑุดุช_ ุงุจุฑ_ุงูุฑูุฒ,ุชูุงูุช ุงููุงุช ุดุฑุน ููู ุดุจ ุชูุฑุงู ู ุชุจุฑุฒ ฺูุฏุฑ ุงุณุชุ,ุชูุงูุช_ููู ุดุจ_ุชูุฑุงู_ุชุจุฑุฒ,ุงฺฉููู ุฏุฑ ููุฏู ุณุงุนุช ฺูุฏ ุงุณุชุ,ุงฺฉููู_ููุฏู_ุณุงุนุช,ุชุงุฑุฎ ุชููุฏ ุดูุง ฺูุฏู ุงุณุชุ,ุชุงุฑุฎ_ุชููุฏ_ุดูุง
ููุง ุงุฑุงู ูุนุชุฏู ุงุณุช. // ุขุง ุฏุฑูุฒ ููุง ููุดูุฑ ุจุงุฑุงู ุจูุฏ ุ // ููุง ููุดูุฑ ุจุงุฑุงู ุงุณุช ุ ,ููุง - ุงุฑุงู - ูุนุชุฏู // ุฏุฑูุฒ - ููุง -  ููุดูุฑ - ุจุงุฑุงู //  ููุง - ููุดูุฑ - ุจุงุฑุงู,ุงุฐุงู ุตุจุญ ุจู ููุช ุชูุฑุงู ฺู ุณุงุนุช ูุณุชุด ุ // ุงุฐุงู ูุบุฑุจ ุงุนูุงู ุดุฏู ุ // ุงุฐุงู ุตุจุญ ุงูุฌุง ุฒูุฏุชุฑ ุงุฒ ุชูุฑุงู ูุณุชุด ุ,ุงุฐุงู - ุตุจุญ - ุชูุฑุงู  // ุงุฐุงู - ูุบุฑุจ // ุงุฐุงู - ุตุจุญ - ุฒูุฏุชุฑ - ุชูุฑุงู,ููุฏู ุงูุงู ฺู ุณุงุนุช ูุณุชุด ุ // ูฺฉุฑ ูฺฉู ุงูุงู ููุฏู ุตุจุญ ุดุฏู ุงุณุช ุ // ูููุฎ ุงูุงู ุธูุฑ ุงุณุช.,ููุฏู - ุณุงุนุช // ุงูุงู - ููุฏู - ุตุจุญ // ูููุฎ - ุงูุงู - ุธูุฑ,ฺฉุฑุณูุณ ูพุงุฑุณุงู ฺู ุฑูุฒ ุจูุฏุ // ูฺฉุฑ ูฺฉู ุงูุณุงู ุฑูุฒ ฺฉุงุฑฺฏุฑ ุจุฑฺฏุฒุงุฑ ูุดูุฏ ุ // ุดุฌุฑุงู ฺู ุฑูุฒ ุฏุฑฺฏุฐุดุชุ,ฺฉุฑุณูุณ - ูพุงุฑุณุงู // ุงูุณุงู - ุฑูุฒ ฺฉุงุฑฺฏุฑ // ุดุฌุฑุงู - ุฑูุฒ
ููุง ุงูุฑูุฒ ฺุทูุฑูุ,ููุง-ุงูุฑูุฒ,ุงุฐุงู ุธูุฑ ุฑู ฺฉ ูฺฏูุ,ุงุฐุงู ุธูุฑ,ุงููุฌุง ุณุงุนุช ฺูุฏูุ,ุงููุฌุง-ุณุงุนุช,ฺูุฏ ุฑูุฒ ุฏฺฏู ุนุฏูุ,ุนุฏ
ุขุง ุชู ููุง ุขูุชุงุจ ุฑุง ุจุดุชุฑ ุงุฒ ุจุงุฑุงู ุฏูุณุช ุฏุงุฑุ//ุจุฑุง ุงุฎุฑ ููุชู ููุงุดูุงุณ ฺู ูพุด ุจู ุง ฺฉุฑุฏูุ//ุขููุฏฺฏ ููุง ุชูุฑุงู ุฑู ุจู ุจูุจูุฏ ุงุณุช ุง ููุ ,ุขูุชุงุจ-ุจุงุฑุงู//ููุงุดูุงุณ-ูพุด ุจู//ุขููุฏฺฏ ููุง-ุชูุฑุงู-ุจูุจูุฏ,ุงุฐุงู ุตุจุญ ูุฑุฏุง ุฏุฑ ฺฉุฑูุงู ฺู ุณุงุนุช ุงุณุชุุ//ุดูุฑ ูู ุงูู ุจุง ุชูุฑุงู ฺฉุฌุงุณุชุ//ููู ุดุจ ุดุฑุน ูพุงุฒ ู ุฒูุณุชุงู ุจุง ูู ูุชูุงูุช ุงุณุชุ,ุงุฐุงู ุตุจุญ-ูุฑุฏุง-ฺฉุฑูุงู//ูู ุงูู-ุชูุฑุงู//ููู ุดุจ ุดุฑุน-ูพุงุฒ-ุฒูุณุชุงู,ุขุง ุดฺฉุงฺฏู ุงูุงู ูุซู ุชูุฑุงู ุฑูุฒ ุงุณุชุ//,ุดฺฉุงฺฏู-ุชูุฑุงู-ุฑูุฒ,,
ููุงุดูุงุณ ูุถุนุช ุงุณุชุงูโูุง ฺฉุดูุฑ ุฑู ฺฺฏููู ุงุนูุงู ฺฉุฑุฏุ,ููุงุดูุงุณ - ูุถุนุช,ฺุฑุง ุงุฐุงู ูุบุฑุจ ุชูุฑุงู ุจุง ุงุตููุงู ูุฑู ุฏุงุฑูุ,ุงุฐุงู - ูุบุฑุจ,ุงุฎุชูุงู ุณุงุนุช ุชูุฑุงู ุจุง ุชูุฑูุชู ู ููฺฉููุฑ ู ููุฏุงุฑูุ,ุงุฎุชูุงู ุณุงุนุช- ููุฏุงุฑ,ุฑูุฒ ุฌูุงู ุฏุงุฑูุณุงุฒ ฺู ุฑูุฒุณุชุ,ุฌูุงู- ุฏุงุฑูุณุงุฒ
ฺุฑุง ููุง ุชูุฑุงู ุขููุฏู ุงุณุชุ//ุขุง ููุง ุชูุฑุงู ุขููุฏู ุงุณุชุ//ูุฑุฏุง ููุง ุงููุงุฒ ฺูุฏ ุฏุฑุฌู ุงุณุชุ//ุขุง ููุง ุดูุดุชุฑ ฺฏุฑู ุงุณุชุ//ููุง ูุฒูู ุฏุฑ ููุชู  ุขูุฏู ุจุงุฑุงู ุงุณุชุ,ุขููุฏู//ุชูุฑุงู//ุงููุงุฒ-ุฏุฑุฌู//ุดูุดุชุฑ-ฺฏุฑู//ูุฒูู-ุจุงุฑุงู,ููู ุดุจ ุดุฑุน ฺฺฏููู ูุญุงุณุจู ู ุดูุฏุ//ููุงุฒ ุตุจุญ ุฏุฑ ุชูุฑุงู ฺู ุณุงุนุช ูุถุง ู ุดูุฏุ//ุงุฐุงู ุธูุฑ ุจู ุงูู ุดูุดุชุฑ ฺู ุณุงุนุช ุงุณุชุ//ุฏุฑ ุงููุงุฒ ุงุฐุงู ูุบุฑุจ ุฒูุฏุชุฑ ุงุณุช ุง ุดูุดุชุฑุ//ุงุฐุงู ุตุจุญ ุจู ุงูู ูุฒูู ุฏุฑ ุชุงุฑุฎ ฑท ุขุฐุฑ ฺู ุณุงุนุช ุงุณุชุ,ููู ุดุจ ุดุฑุน-ูุญุงุณุจู//ููุงุฒ ุตุจุญ-ุชูุฑุงู-ูุถุง//ุงุฐุงู ุธูุฑ-ุดูุดุชุฑ//ุงุฐุงู ูุบุฑุจ-ุดูุดุชุฑ-ุงููุงุฒ//ุงุฐุงู ุตุจุญ-ูุฒูู-ฑทุขุฐุฑ,ูุงุตูู  ุณุงุนุช ุฑุณู ุงุฑุงู ุจุง ุณุงุนุช ูุจุฏุงุก ฺูุฏุฑ ุงุณุชุ//ุงูุงู ุฏุฑ ูุดูุฏ ุณุงุนุช ฺูุฏ ุงุณุชุ//ุขุง ุงูุงู ุฏุฑ ุชุฑฺฉููุณุชุงู ุตุจุญ ุงุณุชุ//ุฏู ุณุงุนุช ุฏฺฏุฑ ฺู ุฒูุงู ุงุฒ ุฑูุฒ ุฏุฑ ฺฉุดูุฑ ุงูุบุงูุณุชุงู ุงุณุชุ//ุขุง ูุงุตูู  ุฒูุงู ุณุงุนุช ุฑุณู ุงุฑุงู ู ุนุฑุงู ูู ุณุงุนุช ุงุณุชุ,ุณุงุนุช ุฑุณู-ุงุฑุงู-ุณุงุนุช ูุจุฏุง//ูุดูุฏ-ุณุงุนุช//ุชุฑฺฉููุณุชุงู-ุตุจุญ//ุงูุบุงูุณุชุงู//ูุงุตูู ุฒูุงู-ุงุฑุงู-ุนุฑุงู,ุขุง ุงูุฑูุฒ ุฑูุฒ ุฌูุงู ูุนูููุงู ุงุณุชุ//ฺูุฏ ุฑูุฒ ุชุง ุนุฏ ููุฑูุฒ ูุงูุฏูุ//ุงูุณุงู ฺุงุฑุดูุจู ุณูุฑ ฺูุฏู ุงุณููุฏ ุงุณุชุ//ฺูุฏ ุฑูุฒ ุงุฒ ุนุฏ ูุทุฑ ูฺฏุฐุฑุฏุ//ุงูุณุงู ุฑูุฒ ุฏุงูุดุฌู ฺูุฏ ุดูุจู ุงุณุชุ,ุงูุฑูุฒ-ุฑูุฒ ุฌูุงู ูุนูููุงู//ุนุฏ ููุฑูุฒ//ฺุงุฑุดูุจู ุณูุฑ-ุงุณููุฏ//ุนุฏ ูุทุฑ//ุฑูุฒ ุฏุงูุดุฌู
ุจู ูุธุฑุช ููุง ุจุฑู ูุดฺฏูุ // ฺุฑุง ุงูุณุงู ฺฉูุชุฑ ุจุงุฑูู ุงููุฏุ// ููุง ฺฏุฑู ุฑู ุจุดุชุฑ ุฏูุณ ุฏุงุฑ ุง ููุง ุณุฑุฏุ // ููุง ุดูุงู ฺุทูุฑูุ // ุงฺฏุฑ ุจุงุฑูู ุจุงุฏ ุชุฑุงูฺฉ ูุดูุ,ููุง - ุจุฑู - ูุดูฺฏ // ุงูุณุงู -ฺฉูุชุฑ - ุจุงุฑูู // ููุง - ฺฏุฑู - ุง - ุณุฑุฏ// ุจุงุฑูู - ุชุฑุงูฺฉ//,ุงุฐุงู  ุตุจุญ ูุฑุฏุง ุณุงุนุช ฺูุฏูุ // ฺูุฏุฑ ุชุง ุงุฐุงู ูุบุฑุจ ูููุฏูุ // ููู ุดุจ ุดุฑุน ูุฑุฏุง ุดุจ ุชูฺฉู ฺู ุณุงุนุช ุงุณุชุ // ฺุฑุง ุงุฐุงู ููฺฏูุ // ุงุฒ ุงุฐุงู ูุง ุชุง ุงุฐุงู ุดูุง ฺูุฏุฑ ุงุณุชุ,ุงุฐุงู ุตุจุญ -  ูุฑุฏุง // ุงุฐุงู ูุบุฑุจ - ูููุฏู // ููู ุดุจ ุดุฑุน - ูุฑุฏุง ุดุจ - ุชูฺฉู // ุงุฐุงู // ุงุฐุงู ูุง - ุงุฐุงู ุดูุง ,ุณุงุนุช ุงูุงู ุฏุฑ ฺฉุงุจู ฺูุฏูุ //ูุงุตูู ุฒูุงู ุดูุง ุจุง ุฒูุงู ฺฏุฑููฺ ฺูุฏุฑ ุงุณุชุ // ุณุงุนุช ุฏุฑ ูุฑุงูุณู ฺูุฏ ุงุณุช ุ // ฺูุฏ ุจุงุฒู ุฒูุงู ุฏุฑ ุขูุฑฺฉุง ุฏุงุฑูุ,ุณุงุนุช - ุงูุงู - ฺฉุงุจู// ูุงุตูู ุฒูุงู - ุดูุง - ุฒูุงู ฺฏุฑููฺ// ุณุงุนุช - ูุฑุงูุณู // ุจุงุฒู ุฒูุงู - ุขูุฑฺฉุง ,ฺูุฏ ุฑูุฒ ุชุง ุงูุชุฎุงุจุงุช ูุงูุฏูุ // ูุฑุฏุง ฺู ุฑูุฒ ุงุณุชุ // ุนุฏ ูุทุฑ ุณุงู ุฏฺฏุฑ ฺู ุฑูุฒ ุงุณุชุ// ฺูุฏ ุชุนุทู ููุงุณุจุช ุฏุฑ ุณุงู ุฏุงุฑูุ,ุฑูุฒ - ุงูุชุฎุงุจุงุช // ูุฑุฏุง // ุนุฏ ูุทุฑ - ุณุงู ุฏฺฏุฑ // ุชุนุทู ููุงุณุจุช - ุณุงู
,,,,,,,
,,,,,,,
"ุขุจ ู ููุง ุฏุงูุดฺฉุงู ุขุฒุงุฏ ุชูุฑุงู ฺฺฏููู ุงุณุชุ
ุฏูุง ุดูุฑ ุงุฏูโุขู ุดูุง ุจุฑุง ุฒูุฏฺฏ ฺูุฏ ุฏุฑุฌู ุงุณุชุ
ูพุดโุจู ููุงุดูุงุณ ุจุฑุง ุขุจ ู ููุง ูุฑุฏุง ฺฺฏููู ุงุณุชุ
ุขุจ ู ููุง ุขูุชุงุจ ุจูุชุฑ ุงุฒ ุขุจ ู ููุง ุงุจุฑ ุงุณุชุ
ููุง ูุฒุฏฺฉ ุธูุฑ ุจูุชุฑ ุงุฒ ุฏู ุบุฑูุจ ุงุณุชุ","ุขุจ ู ููุง-ุฏุงูุดฺฏุงู - ุขุฒุงุฏ
ุฏูุง-ุงุฏูโุขู-ุฏุฑุฌู
ูพุดโุจู-ููุงุดูุงุณ-ุขุจ ู ููุง
ุขุจ ู ููุง-ุขูุชุงุจ-ุงุจุฑ-ุจูุชุฑ
ููุง-ุธูุฑ-ุบุฑูุจ","ุงุฐุงู ูุบุฑุจ ุจู ุงูู ฺฉุงุฎ ุณูุฏ ุณุงุนุช ฺูุฏ ุงุณุชุ
ููุงุฒ ุธูุฑ ู ุนุตุฑ ุงูุฑูุฒ ุณุงุนุช ฺูุฏ ูุถุง ูโุดูุฏุ
ููู ุดุจ ุดุฑุน ุงูุดุจ ุณุงุนุช ฺูุฏ ุงุณุชุ
ุงุฎุชูุงู ุณุงุนุช ุงุฐุงู ูุบุฑุจ ู ุตุจุญ ฺูุฏ ุณุงุนุช ุงุณุชุ","ุงุฐุงู - ูุบุฑุจ - ฺฉุงุฎ ุณูุฏ
ุธูุฑ-ุนุตุฑ-ูุถุง
ููู ุดุจ-ุดุฑุน
ุงุฎุชูุงู-ูุบุฑุจ-ุตุจุญ","ุณุงุนุช ุจุฏฺฏู ุงูุงู ฺูุฏ ุงุณุชุ
ุงุฎุชูุงู ุฒูุงู ููุฏูุฒ ู ูููฺฉุณ ุจุง ูุฑุจุงุฑ ุนูุถ ุดุฏู ฺูุฏ ุณุงุนุช ุงุณุชุ
ุฏุฑ ูุณโุขูุฌูุณ ุฏุฑ ฺู ุฒูุงู ุงุฒ ุฑูุฒ ูุณุชูุ
ุฏูุณุช ุฏุงุฑุฏ ุงูุงู ฺู ุณุงุนุช ุงุฒ ุดุจุงูู ุฑูุฒ ุจุงุดุฏุ","ุณุงุนุช - ุจุฏฺฏู
ุงุฎุชูุงู-ุฒูุงู-ููุฏูุฒ-ูููฺฉุณ-ุณุงุนุช
ูุณโุขูุฌูุณ-ุฒูุงู-ุฑูุฒ
ุฏูุณุช ุฏุงุดุชู-ุณุงุนุช-ุดุจุงูู ุฑูุฒ","ููุงุณุจุช ูุง ุงูุฑูุฒ ฺู ฺุฒ ูุณุชูุฏุ
ุงุฎุชูุงู ุชุงุฑุฎ ููุฑ ู ุดู ุชููุฏ ุชู ฺูุฏุฑ ุงุณุชุ
ุฑูุฒ ุฌูุงู ุดุฎ ููุฏ ฺู ุฑูุฒ ุงุณุชุ
ุฏุฑ ุชุงุฑุฎ 9/9/99 ฺู ุชุนุฏุงุฏ ฺฉูุฏฺฉ ุจู ุฏูุง ุงูุฏูุฏุ
13 ุฑุฌุจ ฺู ููุงุณุจุช ุฏุงุฑุฏุ","ููุงุณุจุช-ุงูุฑูุฒ
ุงุฎุชูุงู-ุชุงุฑุฎ-ููุฑ-ุดูุณ
ุฑูุฒ-ุฌูุงู-ุดุฎ ููุฏ
9/9/99-ฺฉูุฏฺฉ-ุชุนุฏุงุฏ
13-ุฑุฌุจ-ููุงุณุจุช"
ููุง ุดูุฑ ุดูุง ฺฺฏููู ุงุณุชุ/ููุง ุงุทุฑุงู ุดูุง ูู ุณุฑุฏ ุงุณุชุ/ ุดูุจู ููุชู ุขูุฏู ููุง ฺูุฏ ุฏุฑุฌู ุงุณุชุ,ููุงุุดูุฑ/ููุงุุงุทุฑุงูุุณุฑุฏ/ุดูุจูุููุชูุุฏุฑุฌู,ุงุฐุงู ุธูุฑ ฺู ุณุงุนุช ุงุณุชุ/ููุงุฒ ุตุจุญ ฺู ุณุงุนุช ูุถุง ูโุดูุฏุ/ุงุฐุงู ูุบุฑุจ ุจู ุงูู ุงููุงุฒ ฺูุฏ ุงุณุชุ,ุงุฐุงูุุธูุฑ/ููุงุฒุุตุจุญุูุถุง/ุงุฐุงูุูุบุฑุจุุงูู,,,,
"ุขุจ ู ููุง ุณุงุฑ ุฏุฑ ุฏู ุฑูุฒ ุขูุฏู ฺฺฏููู ุงุณุชุ 
//ุดุงุฎุต ุขููุฏฺฏ ููุง ุชูุฑุงู ุงูุงู ฺูุฏุฑ ุงุณุชุ
//ุณุฑุนุช ุจุงุฏ ุฏุฑ ุงูุจุฑุฒ ุงูุฑูุฒ ฺูุฏ ุจูุฏุ
//ุฑุทูุจุช ููุง ฺฏูุงู ุฏุฑ ุฑูุฒ ฺฏุฐุดุชู ฺูุฏ ุจูุฏู ุงุณุชุ
//ุฏูุง ููุง ุงููุงุฒ ูุฑุฏุง ฺูุฏุฑ ูพุด ุจู ูุดูุฏุ
//ุขุง ููุง ูุฑุฏุง ุงุจุฑ ุงุณุชุ","ุขุจ ู ููุง-ุฏู ุฑูุฒ ุขูุฏู-ุณุงุฑ
//ุดุงุฎุต ุขููุฏฺฏ ููุง-ุชูุฑุงู-ุงูุงู
//ุณุฑุนุช ุจุงุฏ-ุงูุจุฑุฒ-ุงูุฑูุฒ
//ุฑุทูุจุช ููุง-ฺฏูุงู-ุฑูุฒ ฺฏุฐุดุชู
//ุฏูุง ููุง-ุงููุงุฒ-ูุฑุฏุง
//ููุง-ูุฑุฏุง-ุงุจุฑ","ุงุฐุงู ุตุจุญ ุณุงุฑ ูุฑุฏุง ฺู ุณุงุนุช ุงุณุชุ
//ุบุฑูุจ ุขูุชุงุจ ุชูุฑุงู ุงูุฑูุฒ ฺู ุฒูุงู ุงุณุชุ
//ุทููุน ุฎูุฑุดุฏ ูุฑุฏุง ุฏุฑ ูุณฺฉู ุฏุฑ ฺู ุณุงุนุช ุงุณุชุ
//ุงุฐุงู ูุบุฑุจ ูุฑุฏุง ุจู ุงูู ููุฏู ฺู ุฒูุงู ุงุณุชุ
//ุงุฎุชูุงู ุฒูุงู ุจู ุงุฐุงู ุตุจุญ ุชุจุฑุฒ ุจุง ุงุฐุงู ุตุจุญ ูุดูุฏ ฺูุฏุฑ ุงุณุชุ","ุงุฐุงู ุตุจุญ-ุณุงุฑ-ูุฑุฏุง
//ุบุฑูุจ ุขูุชุงุจ-ุชูุฑุงู-ุงูุฑูุฒ
//ุทููุน ุฎูุฑุดุฏ-ูุฑุฏุง-ูุณฺฉู
//ุงุฐุงู ูุบุฑุจ-ูุฑุฏุง-ููุฏู
//ุงุฎุชูุงู ุฒูุงู-ุงุฐุงู ุตุจุญ ุชุจุฑุฒ-ุงุฐุงู ุตุจุญ ูุดูุฏ","ุณุงุนุช ุฑุณู ูุงูุฒ ุฏุฑ ุญุงู ุญุงุถุฑ ฺูุฏ ุงุณุชุ
//ุงุฎุชูุงู ุฒูุงู ูุดูุฏ ู ูููพู ฺูุฏุฑ ุงุณุชุ
//ุงูุงู ุฏุฑ ูููุงูุฏ ฺู ุฒูุงู ุงุณุชุ
//ุงุฎุชูุงู ุณุงุนุช ูุงู ุฏู ุดูุฑ ูุงูุจูุฑฺฏ ุขููุงู ู ุณุงููุงุฏูุฑ ุจุฑุฒู ฺูุฏุฑ ุงุณุชุ","ุณุงุนุช ุฑุณู-ูุงูุฒ-ุญุงู ุญุงุถุฑ
//ุงุฎูุงู ุฒูุงู-ูุดูุฏ-ูููพู
//ูููุงูุฏ-ุงูุงู-ุฒูุงู
//ุงุฎุชูุงู ุณุงุนุช-ูุงูุจูุฑฺฏ ุขููุงู-ุณุงููุงุฏูุฑ ุจุฑุฒู","ฒ ฺูุฆู ฒููฑ ุฏุฑ ุชุงุฑุฎ ุดูุณ ฺู ุฑูุฒ ุงุณุชุ
//ฑฑ ูุญุฑู ฑดฒฑ ุจู ููุงุฏ ฺู ุชุงุฑุฎ ุงุณุชุ
//ููุชู ุจุณุฌ ุฏุฑ ฺู ุชุงุฑุฎ ุงุณุชุ
//ูุจุนุซ ุฑุณูู ุฏุฑ ฺู ุชุงุฑุฎ ููุฑ ุงุณุชุ
//ุฑูุฒ ุฌูุงู ูพุณุฑ ุฏุฑ ฺู ูุงู ููุงุฏ ุงุณุชุ","ฒ ฺูุฆู ฒููฑ-ุดูุณ
//ฑฑ ูุญุฑู ฑดฒฑ-ููุงุฏ
//ููุชู ุจุณุฌ-ุชุงุฑุฎ
//ูุจุนุซ ุฑุณูู-ุชุงุฑุฎ ููุฑ
//ุฑูุฒ ุฌูุงู ูพุณุฑ-ูุงู ููุงุฏ"
ูพุงุฑุณุงู ููู ุชุงุฑุฎ ุขุจ ู ููุง ูพุงุฑุณ ฺฺฏููู ุจูุฏุ,,ุงุฐุงู ุตุจุญ ุฑุดุช ฺู ุฒูุงู ุงุณุชุ,,ุงุฎุชูุงู ุณุงุนุช ุงุฑุงู ู ุชุฑฺฉู ฺูุฏุฑ ุงุณุชุ,,ฺูุฏ ุฑูุฒ ุชุง ุนุฏ ููุฑูุฒ ูุงูุฏู ุงุณุชุ,
ฺฉ ุจุงุฑุงู ุฏุฑ ุชูุฑุงู ุจุงุฑุงู ู ุจุงุฑุฏุ// ุขุง ูู ุงฺฉููู ุฑุดุช ูู ุจุงุฑุงู ุงุณุชุ// ูุฑุฏุง ุตุจุญ ุจุฑู ุฎูุงูุฏ ุจุงุฑุฏุ// ฺูุฏุฑ ุฏุฑ ุทูู ุขุฐุฑูุงู ุฏุฑ ุชุจุฑุฒ ุจุงุฑุงู ุจุงุฑุฏุ,ุจุงุฑุงู-ุชูุฑุงู//ุงฺฉููู-ุฑุดุช-ุจุงุฑุงู//ูุฑุฏุง-ุจุฑู//ุขุฐุฑูุงู-ุจุงุฑุงู-ุชุจุฑุฒ,ุฏุฑ ฺฉุฏุงู ุดูุฑ ุฒูุฏุชุฑ ุงุฐุงู ุฒุฏู ู ุดูุฏุ//ุงุฐุงู ุตุจุญ ฺฉ ูุฑู ุขูุฏู ุฏุฑ ูุดูุฏ ฺู ุฒูุงู ุฎูุงูุฏ ุจูุฏุ// ุงุฐุงู ุตุจุญ ุชุง ุงุฐุงู ูุบุฑุจ ฺูุฏุฑ ูุงุตูู ุฏุงุฑุฏุ//ุงุฐุงู ุตุจุญ ุฏุฑ ูุณ ุขูุฌูุณ ฺู ุฒูุงู ุงุณุชุ,ุดูุฑ-ุงุฐุงู//ุงุฐุงู ุตุจุญ- ูุฑู ุขูุฏู-ูุดูุฏ//ุงุฐุงู ุตุจุญ-ุงุฐุงู ูุบุฑุจ//ุงุฐุงู ุตุจุญ-ูุณ ุขูุฌูุณ,ุฏุฑ ูุณฺฉู ุงูุงู ุณุงุนุช ฺูุฏ ุงุณุชุ// ุงุฎุชูุงู ุฒูุงู ุชูุฑุงู ุจุง ูููุฑฺฉ ฺูุฏุฑ ุงุณุชุ// ููู ุดุจ ุชูฺฉู ูุตุงุฏู ฺู ุฒูุงู ุฏุฑ ฺฉุฑูุงูุดุงู ุงุณุชุ,ุณุงุนุช-ุงูุงู-ูุณฺฉู//ุงุฎุชูุงู ุฒูุงู-ุชูุฑุงู-ูููุฑฺฉ//ููู ุดุจ-ุชูฺฉู-ฺฉุฑูุงูุดุงู,ุฑูุฒ ุฌูุงู ุฒู ุฏุฑ ุชููู ูุฌุฑ ููุฑ ฺู ุฑูุฒ ุงุณุชุ// ุชููู ูุฌุฑ ุดูุณ ุจุง ูุฌุฑ ููุฑ ฺูุฏ ุฑูุฒ ุงุฎุชูุงู ุฏุงุฑูุฏุ// ุฑูุฒ ุขุฒุงุฏ ุฎุฑูุดูุฑ ุฏุฑ ุชููู ููุงุฏ ฺู ุฑูุฒ ุงุณุชุ// ฑน ุดูุฑูุฑ ฺู ููุงุณุจุช ูุง ุฏุงุฑุฏุ// ุขุบุงุฒ ุชุงุฑุฎ ููุงุฏ ฺู ูุงูุน ุจูุฏุ,ุฑูุฒ ุฌูุงู ุฒู-ุชููู ูุฌุฑ ููุฑ//ุชููู ูุฌุฑ ุดูุณ-ุชููู ูุฌุฑ ููุฑ-ุฑูุฒ//ุฑูุฒ ุขุฒุงุฏ ุฎุฑูุดูุฑ-ุชููู ููุงุฏ-ุฑูุฒ// ฑน ุดูุฑูุฑ-ููุงุณุจุช//ุขุบุงุฒ-ุชุงุฑุฎ ููุงุฏ
,,,,,,,
ุจุฑูู ููุง ฺุทูุฑ ุจูุฏุ // ูุฑุฏุง ุจุงุฑูููุ // ,ุจุฑูู - ููุง // ูุฑุฏุง - ุจุงุฑูู //,ุงุฐููู ฺฏูุชูุ // ฺูุฏ ุจู ุงุฐูู ูููุฏูุ // ,ุงุฐูู // ุงุฐูู // ,ุงุฒุฏู ูุฏู ุง ุงุฒุฏู ุฌุฏุฏุ // ุณุงุนุชู ฺูุฏ ฺฉูุงุณ ุฏุงุฑุ //,ูุฏู - ุฌุฏุฏ // ุณุงุนุช - ฺฉูุงุณ // ,ุงูุฑูุฒ ฺูุฏููุ // ูุงูู ุฏุฏูุ (ุจุฑุง ูุงู ุฑูุถูู) //,ุงูุฑูุฒ // ูุงู // 
"ุฏุฑูุฒ ููุง ูุดูุฏ ฺฺฏููู ุจูุฏุ
ุฌูุนู ููุชู ุขูุฏู ููุง ูุดูุฏ ฺฺฏููู ุงุณุชุ
ุฏูุฑูุฒ ูุจู ููุง ูุดูุฏ ฺูุฏ ุฏุฑุฌู ุจูุฏุ","ุฏุฑูุฒ_ููุง_ูุดูุฏ
ุฌูุนู_ููุชู_ูุดูุฏ
ููุง_ูุดูุฏ_ุฏุฑุฌู","ููู ุดุจ ุดุฑุน ูุดูุฏ ฺู ุณุงุนุช ุงุณุชุ
ุงุฐุงู ุตุจุญ ุฏุฑ ูุดูุฏ ุงูุฑูุฒ ฺู ุณุงุนุช ุงุณุชุ
ูุงุตูู ุงุฐุงู ุธูุฑ ูุดูุฏ ุจุง ูุดุงุจูุฑ ฺูุฏุฑ ุงุณุชุ","ููู ุดุจ ุดุฑุน_ูุดูุฏ
ุงุฐุงู ุตุจุญ_ูุดูุฏ_ุงูุฑูุฒ
ูุงุตูู_ุธูุฑ_ูุดูุฏ_ูุดุงุจูุฑ","ุงูุงู ุณุงุนุช ูุดูุฏ ฺูุฏ ุงุณุชุ
ุงุฎุชูุงู ุณุงุนุช ุงุฑุงู ุจุง ุชุฑฺฉู ฺูุฏุฑ ุงุณุชุ
","ุงูุงู_ุณุงุนุช_ูุดูุฏ
ุงุฎุชูุงู ุณุงุนุช_ุงุฑุงู_ุชุฑฺฉู","ฺูุฏุฑูุฒ ุชุง ุดุจ ูุฏุง ูุงูุฏู ุงุณุชุ
ุฏูุณุงู ูพุด ุฑูุฒ ูพุฏุฑ ุฏุฑฺู ุฑูุฒ ุจูุฏุ
ููุชู ุขูุฏู ฺู ููุงุณุจุช ุงุณุชุ","ุดุจ ูุฏุง_ุฑูุฒ_ูุงูุฏู
ุฏูุณุงู ูพุด_ุฑูุฒ ูพุฏุฑ
ููุชู ุขูุฏู_ููุงุณุจุช"
"ุดูุง ูู ุงุฒ ููุง ุณุฑุฏ ูุชููุฑุฏุ
ุงูุงู ุงุจ ู ููุง ุฌุฒุงุฑ ูุงูุฏู ฺฺฏููู ุงุณุชุ
ูพุงุฑุณุงู ุณุฑุฏ ุจูุฏุ
ุงูุณุงู ูุณุจุช ุจู ูพุงุฑุณุงู ุณุฑุฏุชุฑูุ",ููุง_ุณุฑุฏ_ุชููุฑ//ุงุจ ู ููุง_ูุงูุฏู_ุฌุฒุงุฑ//ูพุงุฑุณุงู_ุณุฑุฏ//ูพุงุฑุณุงู_ุณุฑุฏุชุฑ,"ุงุฐุงู ูุบุฑุจ ุจู ุงูู ุงุตููุงู ฺู ููุชูุ
ุงููุงุช ุดุฑุน ุฏุฑ ุฌููุจฺฏุงู ฺุทูุฑูุ
",ุงุฐุงู ูุบุฑุจ_ุงุตููุงู//ุงููุงุช ุดุฑุน_ุฌููุจฺฏุงู//,"ุงูุงู ุฏุฑ ุจุงู ุณุงุนุช ฺูุฏ ุงุณุชุ
ุงูุงู ุฏุฑ ููุฏ ฺู ุฒูุงูุณุช ุ",ุจุงู_ุณุงุนุช//ููุฏ_ุงูุงู,"ุฑูุฒ ุฌูุงู ูุจุงุฑุฒู ุจุง ุฎุดููุช ุนูู ุฒูุงู ฺู ุฑูุฒุณุชุ
ุชููุฏู ฺฉูุ",ุฑูุฒ_ุฌูุงู_ุฎุดููุช ุนูู ุฒูุงู//ุชููุฏู
"ุขุง ูุฑุฏุง ููุง ุงุจุฑุณุชุ
ุขุง ูุฑุฏุง ุจุงุฑุงู ูุจุงุฑุฏุ!
ุงูุฑูุฒ ููุง ุณุฑุฏ ุชุฑ ุงุณุช.
ููุงุดูุงุณ ุฏุฑ ููุฑุฏ ููุง ูุฑุฏุง ฺู ูฺฏูุฏ ุ",ููุง-ููุงุดูุงุณ- ุงูุฑูุฒ- ูุฑุฏุง - ุจุงุฑุงู-  ุงุจุฑ,,,"ฺูุฏ ุณุงุนุช ุชุง ุบุฑูุจ ูุงูุฏู ุ!
ุชูุฑุงู ฺูุฏ ุณุงุนุช ุจุง ฺฉุงุจู ุงุฎุชูุงู ุฒูุงู ุฏุงุฑุฏุ
ุจุฑุง ูพุฑฺฉุฑุฏู ูุฑูุ ฺูุฏุฑ ุฒูุงู ูุงุฒู ุงุณุช ุ
ุงูุงู ุณุงุนุช ุฏุฑ ุชูุฑุงู ฺูุฏ ุงุณุชุ",ุงูุงู- ุฒูุงู- ุณุงุนุช,"ุงูุฑูุฒ ฺูุฏู ูุงู ุงุณุชุ
ุงู ูุงู ฺูุฏ ุฑูุฒ ุฏุงุฑุฏุ
ุชุงุฑุฎ ุงูุฑูุฒ ุจู ููุงุฏ ฺุณุชุ!
ุณู ุดูุจู ฺูุฏู ูุงู ุงุณุชุ",ูุงู- ฺูุฏู- ุชุงุฑุฎ
"ฺฉ ูุฑุงุฑู ุจุฑู ุจุงุฏุ
ุฎู ููุง ุฏูู.
ุชู ฺู ูุตู ุฎูุจู ุขุฏู ุจุฑู ุณูุฑุ","ุจุฑู
ุฏู- ููุง
ูุตู- ุณูุฑ","ุงุฐุงู ุตุจุญ ุณุงุนุช ฺูุฏ ูุณุชุ
ฺฉ ุจุงุฏ ููุงุฒ ุจุฎูููุ
ฺู ุณุงุนุช ุงูุทุงุฑ ูโฺฉููุ","ุงุฐุงู- ุตุจุญ- ุณุงุนุช
ููุงุฒ
ุงูุทุงุฑ","ุจุง ุงุณุชุฑุงูุง ฺูุฏ ุณุงุนุช ุงุฎุชูุงู ุฏุงุฑูุ
ุณุงุนุช ฺูุฏ ูโุฑุณ ุฎูููุ
ููููู ฺูุฏ ุณุงุนุช ุทูู ูโฺฉุดูุ
ฺฉูุงุณ ุงุฒ ฺู ุณุงุนุชู ุชุง ฺู ุณุงุนุชุ
ุดุจุง ฺฉ ูโุฎูุงุจุ","ุงุณุชุฑุงูุง - ุณุงุนุช - ุงุฎุชูุงู
ุณุงุนุช- ุฎุงูู
ููููู- ุทูู ฺฉุดุฏู
ฺฉูุงุณ - ุจุงุฒู ุฒูุงู
ุดุจโ - ุฎูุงุจ - ุณุงุนุช- ุฒูุงู","ฺูุฏ ุฑูุฒ ุฏุฑ ูุงู ุชุนุทููุ
ุนุฏ ฺูุฏ ุฑูุฒ ุฏฺฏูโ ูุณุชุ
ุฑูุฒ ุฌูุงู ุฏุฑุฎุชฺฉุงุฑ ฺู ุฑูุฒ ูุณุชุ","ุฑูุฒ- ูุงู- ุชุนุทู
ุนุฏ - ูุงุตูู ุฒูุงู
ุฏุฑุฎุชฺฉุงุฑ- ุฑูุฒ - ุฌูุงู"
ุงุง ุงุจ ู ููุง ุชุง ุงุฎุฑ ุณุงู ูุฑุงุฑู ุจุงุฑูู ุจุงุดูุ //ฺุฑุง ุงููุฏฺฏ ููุง ุชููู ููุดู ุฏููุด ฺู ุ // ฺุดุฏ ูุชููุณุชู ุจุฑุง ููุดู ุงุฒ ููุง ูพุงฺฉ ูุฐุช ุจุจุฑู ู ุฏฺฏู ุงููฺฏุฏ ูุจุงุดู!,,ฺุฑุง ุงุฐุงู ูุบุฑุจ ุฑุงุชุงุจุณุชุงููุง ุฏุฑ ู ุฒูุณุชุงููุง ุฒูุฏ ูฺฏููุฏุ// ููู ุดุจ ุดุฑุน ุฏููุง ุจู ฺู ูุนูุงุณุชุ// ุงุง ุงุฐุงู ุตุจุญ ุชูุฑุงู ู ุณููุงู ูุฑ ุฏู ุฏุฑ ฺฉ ุฒูุงู ฺฏูุชู ูุดูุฏุ,,ฺุฑุง ุจู ุงุฑุงู ู ฺฉุดูุฑ ูุง ุงุฑููพุง ุญุฏุงูู ุณู ู ูู ุณุงุนุช ุงุฎุชูุงู ุฒูุงู ุฏุงุฑูุ// ฺุฑุง ูฺ ุงุฎุชูุงู ุฒูุงู ุจู ุฏู ฺฉุดูุฑ ูุฑุงูุณู ู ุงุณูพุงูุง ูุฏุงุฑูุ// ุงูุงู ุฏุฑ ูพฺฉู ุงูุงู  ุธูุฑ ุงุณุชุ,,ุนุฏ ูุจุนุซ ฺฉ ุงุณุชุ// ฺุฑุง ุชููู ูุง ููุงุฏุ ุดูุณ ู ููุฑ ุจุง ฺฉุฏฺฏุฑ ูุฑู ุฏุงุฑูุฏุ// ูุงุตูู ุจู ุนุฏ ูุฑุจุงู ู ุนุฏ ุบุฏุฑ ฺู ุฑูุฒ ุงุณุชุ,
ฺุฑุง ุงููุฏ ููุง ุงููุฏู ุดุฏูุุ,ุงููุฏู-ููุง-ุงุจ ู ููุง-ุชูุฑุงู-ฺฉูุงูุดูุฑ,ููู ุดุจ ุดุฑุน ฺูุ,ุงุฐุงูุุดุฑุนุุงูู,ุงูุงู ุงููุฌุง ุณุงุนุช ฺูุฏูุ,ุณุงูุุฒูุงูุุณุงุนุชุุซุงูู,ฺุฑุง ุชุนุทู ูุฏุงุฑู ุงู ูุงูุุุ,ุฑูุฒ ุฏุงูุดุฌูุุชุนุทูุ
ุจุงุฑูู ุชุง ฺูุฏุดูุจู ุงุฏุงูู ุฏุงุฑูุ,ุจุงุฑูู- ุงุฏุงูู,ุงุฐุงู ุธูุฑ ุจุง ุงุฐุงู ุนุตุฑ ฺู ูุฑู ุฏุงุฑูุ,ุงุฐุงู ุธูุฑ- ุงุฐุงู ูุบุฑุจ- ูุฑู,ฺุฑุง ฺฏุฑููฺ ูููุชุฑู ุณุงุนุชูุ,ฺฏุฑููฺ- ููู- ุณุงุนุช,ุชุง ุชููุฏุช ฺูุฏ ุฑูุฒ ูููุฏูุ,ุชููุฏ-ุจุงู  ูุงูุฏู
ูพุดุจู ูุถุนุช ููุง ุชูุฑุงู ุจุฑุง ุขุฎุฑ ููุชู ุฏฺฏุฑ ฺฺฏููู ุงุณุชุ,ุขุฎุฑ ููุชู- ุชูุฑุงู- ููุง,ุงุฐุงู ุตุจุญ ุจู ุงูู ุฒุฏ ฺู ุณุงุนุช ุงุณุชุ,ุงุฐุงู ุตุจุญ- ุฒุฏ-ุงูู,ุงุฎุชูุงู ุณุงุนุช ุชูุฑุงู ู ููุฏู ฺูุฏุฑ ุงุณุชุ,ุชูุฑุงู-ููุฏู-ุงุฎุชูุงู ุณุงุนุช,ุงูุณุงู ุนุฏ ูุทุฑ ฺูุฏ ุดูุจู ูุณุชุ,ุงูุณุงู-ุนุฏ ูุทุฑ
ููุง ฺฉุงููุฑูุง ุฎูุจูุ,ููุง - ฺฉุงููุฑูุง,ุงุฐุงู ุตุจุญ ุฏุฑ ุณุงูุชุง ฺฉูุงุฑุง ฺฉ ูุณุชุดุ,ุงุฐุงู ุตุจุญ-ุณุงูุชุง ฺฉูุงุฑุง-ฺฉ,ุงุฎุชูุงู ุณุงุนุงุช ุณุงูุชุง ุขูุง ู ุดุฑุงุฒ ฺูุฏุฑ ูุณุชุดุ,ุงุฎุชูุงู ุณุงุนุงุช-ุณุงูุชุง ุขูุง-ุดุฑุงุฒ-ฺูุฏุฑ,ฺูุฏ ุฑูุฒ ุชุง ฺฉุฑุณูุณ ูููุฏูุ,ฺูุฏ ุฑูุฒ-ฺฉุฑุณูุณ-ูููุฏู
"ุงูุณุงู ุชู ุงุฑุงู ฺูุฏ ูู ูุชุฑ ุจุงุฑูู ุงููุฏุ ุงูุงู ุชูุฑุงู ููุง ฺูุฏ ุฏุฑุฌู ุงุณุชุ ฺฏุฑู ุชุฑู ุดูุฑ ุงูุฑูุฒ ุฌูุงู ฺฉุฌุง ุจูุฏุ ูพุฑ ุจุงุฑุงู ุชุฑู ุณุงู ุณุฏู ุงุฎุฑ ุฏุฑ ุงุฑุงู ฺู ุณุงููุ
ูุถุน ฺฉู ููุง ฺู ุทูุฑูุ",ููุง - ุชูุฑุงู - ุจุงุฑุงู - ุจุฑู - ุณุฑุฏ - ุฎุดฺฉ - ุจุงุฏ - ุณุฑุนุช,ฺูุฏ ุฏููู ุชุง ุงุฐุงู ุธูุฑ ุจุงู ูููุฏูุ//ููู ุดุจ ุดุฑุน ุชูุฑุงู ฺู ุณุงุนุชูุ//ููุชุจุงู ูพุฑุณูพููุณ - ุงุณุชููุงู ฺูุฏ ุณุงุนุช ุจุนุฏ ุงุฐุงู ูุบุฑุจ ุจุฑฺฏุฒุงุฑ ูุดูุ,ุงุฐุงู - ุธูุฑ - ููู ุดุจ- ูุถุง - ุงูุฌุง - ูุดูุฏ - ูุงุตูู,ุณุงุนุช ฺูุฏูุ//ููุทูู ุฒูุงู ฺู ฺฉุฏูููุ//ฺฉุฏูู ฺฉุดูุฑ ููู ุงูุงู ูุณุจุช ุจู ุงุฑุงู ุชุงุฑุฎ ูุชูุงูุช ุฏุงุฑูุ//ููุช ฺูุฏุฑ ูุฑุฒูุ,ุงูุงู - ุตุจุญ - ฺฏุฑููฺ - ุฏุจ - ุณุงุนุช,ฺูุฏ ุชุง ุชุนุทู ุชู ุงู ูุงู ุฏุงุฑูุ // ุชูุงูุช ุชุนุฏุงุฏ ุฑูุฒ ุชุนุทู ุงุฑุงู ู ุจุฑุฒู ฺูุฏ ุชุงุณุชุ // ุชููู ฺู ฺฉุดูุฑุง ุจุง ุฎูุฑุดุฏ ุชูุธู ูุดุฏูุ,ุนุฏ - ุชุนุทู - ุฌูุนู
"ูุฑุฏุง ููุง ฺุทูุฑูุ
ููุง ฺูุฏุฑ ุฎูุจู ุงูุฑูุฒ.
ุนุฌุจ ููุง ุฏู ููุฑู ุง!!!๐คค
ููุง ุฏุฑูุฒ ฺูุฏุฑ ุณุฑุฏ ุจูุฏ!
ููุง ุจุงุฑูููุ",ููุง - ุงุจุฑ - ุทููุงู - ุขูุชุงุจ - ุณุฑุฏ ู ฺฏุฑู,"ุงโโุฐูู ุฒุฏูุ
ฺฉ ุงูุทุงุฑ ุจุฎูุฑูุ
ฺฉ ุณุญุฑ ุจุฎูุฑูุ
ุชู ุงู ุณุงุนุช ุดูุฑ ุฎู ุดููุบู!
ุณุงุนุช 6 ููุชุธุฑุชู.","ุงุฐูู
ุณุงุนุช
ุณุญุฑ
ุงูุทุงุฑ
ฺฉุ","ุงูุงู ฺฉู ุงูุฌุง ุดุจู ุงููุฌุง ุฑูุฒูุ
ุฏุฑูุฒ ฺูุฏุฑ ฺฉู ุฏุงุฏ!
ุงูุฑูุฒ ุดูุฑ ูุดูฺฏ ุดุฏู.
ูุฑุฏุง ฺฺฉุงุฑ ฺฉููุ
ูพุงุฑุณุงู ุจูุงุฑ ุฏุณุชู ุฌูุน ุฑูุชู ุจูุฏู ุฒุงุฑุชxD","ุฑูุฒ
ุดุจ
ูพุงุฑุณุงู
ูุฑุฏุง
ุงูุฑูุฒ","ุงูุณุงู ฺูุฏ ุฑูุฒ ุชุนุทู ุฏุงุฑูุ
ุฑูุฒ ุฌูุงู ฺฉูุฏฺฉ 12 ูุฑุฏุงุฏูุ
ุชุงุฑุฎ ุชููุฏุช ฺฉูุ
ูุฑุฏุง ุณุงูฺฏุฑุฏ ุงุฒุฏูุงุฌูููู.
ูุงู ฺฏุฑุฏ ูุงูุฒุฏ ูู ุฌุดู ูฺฏุฑูุ","ุฑูุฒ
ุงูุณุงู
ุณุงูฺฏุฑุฏ
ูุงู ฺฏุฑุฏ
ุฑูุฒ ุฌูุงู"
"ุขุง ููุง ูุฑุฏุง ุชูุฑุงูุ ุจุงุฑุงูุณุชุ
ููุง ููุชูโ ุขูุฏูโ ุจุฑูู ฺฺฏููู ุฎูุงูุฏ ุจูุฏุ
ุขุง ูพุงุฒ ุงูุณุงูุ ุจุฑู ูโุจุงุฑุฏุ
ุขุง ูพุงุฑุณุงู ูพุงุฒุ ุจุฑู ูโุจุงุฑุฏุ
ุขุง ุชุงุจุณุชุงู ฺฏุฑู ุฏุฑ ุฑุงู ุงุณุชุ","ููุง - ูุฑุฏุง - ุชูุฑุงู - ุจุงุฑุงู
ููุง - ููุชู ุขูุฏู - ุจุฑูู
ูพุงุฒ - ุงูุณุงู - ุจุฑู
ูพุงุฒ - ูพุงุฑุณุงู - ุจุฑู
ุชุงุจุณุชุงู - ฺฏุฑู","ุงุฐุงู ุตุจุญ ุจูุฑู ููุฒ ฺู ุณุงุนุช ุงุณุชุ
ุงุฐุงู ุธูุฑ ูพุฑุงฺฏ ุจุง ุงูุฌุง ฺูโูุฏุฑ ุชูุงูุช ุฏุงุฑุฏุ
ุขุง ุชุง ุงุฐุงู ูุบุฑุจ ฺฉุงุดุงู ฺฉูุชุฑ ุงุฒ ฺฉ ุณุงุนุช ูุงูุฏูุ
ุขุง ุงุฒ ูููโุดุจ ุดุฑุน ูพููฺฏโุงูฺฏ ฺฏุฐุดุชู ุงุณุชุ
ูุงุตูู ุงุฐุงู ุธูุฑ ฺฏูุชูุจุฑฺฏ ู ุงุณุชฺฉููู ฺูุฏุฑ ุงุณุชุ","ุงุฐุงู ุตุจุญ - ุจูุฑู ููุฒ
ุงุฐุงู ุธูุฑ - ูพุฑุงฺฏ - ุงูุฌุง
ุงุฐุงู ูุบุฑุจ - ฺฉุงุดุงู - ฺฉ ุณุงุนุช
ูููโุดุจ ุดุฑุน - ูพููฺฏโุงูฺฏ
ุงุฐุงู ุธูุฑ - ฺฏูุชูุจุฑฺฏ - ุงุณุชฺฉููู","ุณุงุนุช ฺฉุฑุฌ ุงูุงู ฺูุฏ ุงุณุชุ
ุงุฎุชูุงู ุฒูุงู ุงุฑุฏฺฉุงู ู ูุณุจูู ฺูุฏุฑ ุงุณุชุ
ุณุงุนุช ุงุจูุธุจ ุจุง ุณุงุนุช ุฌูุงู ฺูุฏุฑ ุงุฎุชูุงู ุฏุงุฑุฏุ
ุขุง ุฏุฑ ุจุฑูุชุ ุณุงุนุช ุงุฒ ุฏูุงุฒุฏู ูููโุดุจ ฺฏุฐุดุชู ุงุณุชุ
ุงูุงู ุฏุฑ ููฺฉููุฑ ุณุงุนุช ฺูุฏ ุงุณุชุ","ุณุงุนุช - ฺฉุฑุฌ
ุงุฎุชูุงู ุฒูุงู - ุงุฑุฏฺฉุงู - ูุณุจูู
ุณุงุนุช - ุงุจูุธุจ - ุณุงุนุช ุฌูุงู - ุงุฎุชูุงู
ุจุฑูุช - ุณุงุนุช - ุฏูุงุฒุฏู - ูููโุดุจ
ููฺฉููุฑ - ุณุงุนุช","ฺูุฏ ุฑูุฒ ุชุง ููุฑูุฒ ฑดณฒ ูุงูุฏูุ
ุฑูุฒ ุฌูุงู ูุนูููุงู ฺูุฏ ุฑูุฒ ูพุด ุจูุฏุ
ุชุง ุฑูุฒ ูุงุฏุฑ ฺูุฏุฑ ูุงูุฏูุ
ฒฐ ุฑูุฒ ูพุด ฺู ููุงุณุจุช ุฏุงุดุชูุ
ุงู ููุชู ฺู ููุงุณุจุช ุฏุงุฑูุ","ููุฑูุฒ - ฑดณฒ
ุฑูุฒ ุฌูุงู ูุนูููุงู
ุฑูุฒ ูุงุฏุฑ
ฒฐ ุฑูุฒ - ููุงุณุจุช
ุงู ููุชู - ููุงุณุจุช"
ูุฑุฏุง ููุง ุณุฑุฏูุ,ูุฑุฏุง ุชูุฑุงู ุจุงุฑูููุ,ุงุฐุงู ูุบุฑุจ ุชูุฑุงู ฺู ุณุงุนุชูุ,ุงูุฌุง ฺู ุณุงุนุช ุงุฐุงู ูุบุฑุจ ูฺฏูุ,ุงูุงู ุชู ููุฏู ุณุงุนุช ฺูุฏูุ,ุงุฎุชูุงู ุณุงุนุช ุชูุฑุงู ู ูููุฎ ฺูุฏุฑูุ,ููุงุณุจุช ุงูุฑูุฒ ฺูุ,ุนุฏ ูุฑุจุงู ฺู ุฑูุฒูุ
ููุง ุชูุฑุงู ฺฉุฑโุณุช.,ููุง - ุชูุฑุงู - ฺฉุฑ,ูููโุดุจ ุชูุฑุงู ฺู ุฒูุงูโุณุชุ,ูููโุดุจ - ุชูุฑุงู,ุณุงุนุช ุณุงุญู ุดุฑู ุขูุฑฺฉุง ฺูุฏ ุงุณุชุ,ุณุงุนุช - ุณุงุญู ุดุฑู ุขูุฑฺฉุง,ุงููู ุชุนุทู ุจุนุฏ ุงุฒ ุงูุฑูุฒ ฺฉู ุฌูุนู ูุณุชุ ฺู ุฑูุฒโุณุชุ,ุชุนุทู
ุขุง ูุฑุฏุง ููุง ุจุงุฑุงู ุงุณุชุ// ุฏุฑูุฒ ุฏุฑ ฺฉุฏุงู ุดูุฑ ุจุฑู ุจุงุฑุฏุ// ููุง ุงุจุฑ ุฑุง ุฏูุณุช ุฏุงุฑ ุง ุขูุชุงุจุ// ุฏุฑ ุงู ูู ฺุทูุฑ ุฑุงููุฏฺฏ ฺฉููุ// ุจุง ุงู ุจุงุฑุงู ุงุญุชูุงู ุณู ฺูุฏุฑ ุงุณุชุ,ููุงุ ูุฑุฏุงุ ุจุงุฑุงู//ุฏุฑูุฒุุดูุฑุุจุฑู//ููุงุุงุจุฑุุขูุชุงุจ//ููุุฑุงููุฏฺฏ//ุจุงุฑุงูุุณูุุงุญุชูุงู,ุงุฐุงู ุธูุฑ ุชูุฑุงู ฺู ุฒูุงู ุงุณุชุ// ุขุง ุงุฒ ููู ุดุจ ุดุฑุน ูุดูุฏ ฺฏุฐุดุชู ุงุณุชุ// ุงุฐุงู ุตุจุญ ุดุฑุงุฒ ู ุงุตููุงู ฺูุฏุฑ ุชูุงูุช ุฏุงุฑุฏุ// ุงุฐุงู ูุบุฑุจ ุงููุงุฒ ุฑุง ฺฏูุชูโุงูุฏุ // ูุงุตูู ุงุฐุงู ุธูุฑ ุงูุฌุง ู ุฑุดุช ฺูุฏุฑ ุงุณุชุ,ุงุฐุงู ุธูุฑุุชูุฑุงู//ููู ุดุจ ุดุฑุนุ ูุดูุฏ//ุงุฐุงู ุตุจุญุุดุฑุงุฒุุงุตููุงู//ุงุฐุงู ูุบุฑุจุุงููุงุฒ//ุงุฐุงู ุธูุฑุุงูุฌุงุุฑุดุช,ุงุฎุชูุงู ุณุงุนุช ุชูุฑุงู ู ุชูุฑูุชู ฺูุฏุฑ ุงุณุชุ//ุงูุงู ุฏุฑ ููุฏู ุดุจ ุงุณุช ุง ุฑูุฒุ// ุฏุฑ ฺู ุณุงุนุช ุงุฒ ุฑูุฒ ูุชูุงูู ุจุง ุฏูุณุชู ุฏุฑ ุขูุฑฺฉุง ุตุญุจุช ฺฉููุ//ุงูุงู ุฏุฑ ุจุฑูู ุณุงุนุช ฺูุฏ ุงุณุชุ//ฺูุฏ ุณุงุนุช ุฏฺฏุฑ ุฏุฑ ุงุณุชุฑุงูุง ุตุจุญ ูุดูุฏุ,ุณุงุนุชุุชูุฑุงูุุชูุฑูุชู//ููุฏูุุดุจุุฑูุฒ//ุฑูุฒุุณุงุนุชุุขูุฑฺฉุงุุตุญุจุช//ุจุฑููุุณุงุนุชุุงูุงู//ุณุงุนุชุุงุณุชุฑุงูุงุุตุจุญ,ุงูุฑูุฒ ฺูุฏู ุขุฐุฑ ุงุณุชุ// ุฑูุฒ ุฌูุงู ฺฉูุฏฺฉ ฺู ุฑูุฒ ุงุณุชุ// ูพุงุฑุณุงู ูุงู ุฑูุถุงู ุงุฒ ฺฉ ุดุฑูุน ุดุฏุ//ุงูุณุงู ุณุงู ุชุญูู ฺูุฏ ุดูุจู ุงุณุชุ// ฺูุงุฑุดูุจู ุณูุฑ ูพุงุฑุณุงู ฺูุฏู ุงุณููุฏ ุจูุฏุ,ุงูุฑูุฒุุขุฐุฑ//ุฑูุฒุฌูุงู ฺฉูุฏฺฉ//ูพุงุฑุณุงูุูุงู ุฑูุถุงู//ุงูุณุงูุุณุงู ุชุญูู//ฺูุงุฑุดูุจู ุณูุฑุูพุงุฑุณุงูุุงุณููุฏ
ูุฑุฏุง ููุง ุขุจ ุจุงุฑุงู ุงุณุชุ // ุขุง ูุงูฺฏู ุจุงุฑูุฏฺฏ ุงูุณุงู ุงุฒ ุณุงู ูพุด ุจุดุชุฑ ุงุณุชุ // ุณุฑุฏ ุชุฑู ุฒูุณุชุงู ุชุงุฑุฎ ุงุฑุงู ฺู ุณุงู ุจูุฏู ุงุณุชุ // ุขููุฏฺฏ ููุง ุงูุฑูุฒ ฺู ูุฏุฑ ุงุณุชุ,,ุทููุน ุขูุชุงุจ ฺู ุณุงุนุช ุงุณุชุ // ุงูุงู ุจุงุฏ ฺู ููุงุฒ ุจุฎูุงููุ // ฺฉ ุณุงุนุช ุฏฺฏุฑ ฺฉุฏุงู ููุงุฒ ูุถุง ูุดูุฏุ // ูุงุตูู ุจู ููุงุฒ ุตุจุญ ู ุทููุน ุขูุชุงุจ ฺู ูุฏุฑ ุงุณุชุ // ุขูุชุงุจ ุฏุฑ ฺฉุฏุงู ุดูุฑ ุงุฑุงู ุฒูุฏุชุฑ ุบุฑูุจ ูฺฉูุฏุ,,ุณุงุนุช ูุดุช ุตุจุญ ุชูุฑุงู ฺู ุณุงุนุช ุฏุฑ ูููุฎ ุงุณุชุ // ุงุฎุชูุงู ุณุงุนุช ุชูุฑุงู ุจุง ุณุฏู ฺูุฏ ุณุงุนุช ุงุณุชุ // ุงูุงู ุฏุฑ ุณุฏู ฺู ุณุงุนุช ุงุณุชุ // ุงูุงู ุดุจ ุงุณุช ุง ุฑูุฒุ,,ุขุง ุฑูุฒ ูพุณุฑ ุฏุงุฑูุ // ุฑูุฒ ุชููุฏ ูู ุจุฑุงุจุฑ ุงุณุช ุจุง ุฑูุฒ ูุฑฺฏ ุนู ุดุฑุนุช ฺูุฏ ุฑูุฒ ุชุง ุชููุฏ ูู ุจุงู ูุงูุฏูุ // ฺูุฏ ุฑูุฒ ุชุง ฺฉ ุชุงุฑุฎ ุฑูุฏ ูุงุตูู ุฏุงุฑูุ // ุชุง ุนุฏ ููุฑูุฒ ฺูุฏ ุฑูุฒ ุจุงู ูุงูุฏูุ,
"ููุง ฺุทูุฑูุ
ุงูุฑูุฒ ุจุงุฑูู ูุงุฏุ
ุงููู ุจุฑู ูพุงุฑุณุงู ฺฉ ุจูุฏุ
ููุง ุชูุฑุงู ฺูุฏ ุฏุฑุฌู ุงุณุชุ
ูุถุนุช ููุง ููุชู ูพุด ุฑู ฺุฌูุฑูุ","ููุง
ุงูุฑูุฒ ุ ุจุงุฑูู
ุงููู ุ ุจุฑู ุ ูพุงุฑุณุงู
ููุง ุ ุชูุฑุงู ุ ุฏุฑุฌู
ูุถุนุช ููุง ุ ููุชู ูพุด ุฑู","ููู ุดุจ ุดุฑุน ุงูุฑูุฒ ฺู ุณุงุนุช ุงุณุชุ
ุงุฐุงู ูุบุฑุจ ุชูุฑุงู
ุงุฐุงู ุตุจุญ ุจู ููุช ุงุตููุงู
ุฒูุงู ุงูุทุงุฑ ุจู ููุช ุชูุฑุงู
ุฒูุงู ุณุญุฑ ุจู ููุช ุงููุงุฒ","ููู ุดุจ ุดุฑุน ุ ุงูุฑูุฒ
ุงุฐุงู ูุบุฑุจ ุ ุชูุฑุงู
ุงุฐุงู ุตุจุญ ุ ุงุตููุงู
ุฒูุงู ุงูุทุงุฑ ุ ุชูุฑุงู
ุฒูุงู ุณุญุฑ ุ ุงููุงุฒ","ุณุงุนุช ุขูุฑฺฉุง ฺูุฏ ุงุณุชุ
ุงูุงู ุณุงุนุช gmt ฺูุฏ ุงุณุชุ
ุงุฎุชูุงู ุณุงุนุช ุชุฑฺฉู ู ุงุฑุงู ฺูุฏุฑ ุงุณุชุ","ุณุงุนุชุ ุขูุฑฺฉุง
ุงูุงู ุ ุณุงุนุช ุ gmt
ุงุฎุชูุงู ุณุงุนุช ุ ุชุฑฺฉู ุ ุงุฑุงู","ุชุงุฑุฎ ุงูุฑูุฒ ุจู ููุงุฏ
ุชุงุฑุฎ ูููุชุงู ุจู ุดูุณ
ุชุงุฑุฎ ฒฐ ุงุฑุฏุจูุดุช นน ุจู ููุงุฏ
ฒธ ุตูุฑ ฺฉูุ","ุชุงุฑุฎ ุ ุงูุฑูุฒ ุ ููุงุฏ
ุชุงุฑุฎ ุ ูููุชุงู ุ ุดูุณ
ุชุงุฑุฎ ุ ฒฐ ุงุฑุฏุจูุดุช นน ุ ููุงุฏ
ฒธ ุตูุฑ"
ุขุง ููฺฉู ุงุณุช ฑฐ ุณุงู ุฏฺฏุฑ ููู ุฌุง ุจุฑู ุจุงุฏุ,ฑฐ - ุณุงู - ุจุฑู,ุชุง ุงุฐุงู ุธูุฑ ฺูุฏุฑ ูุงูุฏูโุงุณุชุ,ุงุฐุงู ุธูุฑ,ุงูุงู ุฏุฑ ุขูุฑฺฉุง ุดุจ ุงุณุช ุง ุฑูุฒุ,ุขูุฑฺฉุง - ุดุจ - ุฑูุฒ,ุขุง ุงูุฑูุฒ ุฑูุฒ ุฌูุงู ฺฉูุฏฺฉ ุงุณุชุ,ุงูุฑูุฒ - ุฑูุฒ ุฌูุงู ฺฉูุฏฺฉ
ุจุงุฑูู ูุงุฏุ//ุณุฑุฏูุ//ููุง ุฏู ููุฑู ุงุณุช.,ุจุงุฑูู// ุณุฑุฏ// ุฏูููุฑู,ุฒูุงู ุฑูุฒู ุชุงุจุณุชุงู ูููุงูุฏ ฺูุฏุฑูุ//ููู ุดุจ ุดุฑุน ฺฉุ//,ุฑูุฒู-ุชุงุจุณุชุงู-ูููุงูุฏ// ููู ุดุจ ุดุฑุน,ุฏุฑ ูุทุจ ุฌููุจ ุณุงุนุช ฺูุฏูุ//ุงุฎุชูุงู ุณุงุนุช ุดุฑู ู ุบุฑุจ ุขูุฑฺฉุง ฺูุฏุฑูุ,ูุทุจ ุฌููุจ- ุณุงุนุช//ุงุฎุชูุงู ุณุงุนุช- ุดุฑู ุบุฑุจ ุขูุฑฺฉุง,ุดุจ ูุฏุง ฺฉุ//22 ุงุณููุฏ ฺูุฏ ุดูุจู ูุดูุ//,ุดุจ ูุฏุง// 22 ุงุณููุฏ//
ููุง ูุฑุฏุง  ุจุงุฑุงูุณุชุ // ููุง ูุญู ุฒูุฏฺฏ ุชู ฺฺฏููู ุงุณุชุ // ููุง ุจุงุฑุงู ุฑุง ุฏูุณุช ุฏุงุฑ ุ //   ูุงูฺฏู ุฏุฑุฌู ููุง ุงูุณุงู ุชูุฑุงู ุฏุฑ ุชุงุจุณุชุงู ฺูุฏ ุจูุฏู ุงุณุช ุ // ููุง ุฏุฑ ููุชู  ุขูุฏู ุฑู ุจู ุณุฑุฏ ูพุด ูุฑูุฏุ,ููุง - ุจุงุฑุงู // ููุง - ูุญู ุฒูุฏฺฏ // ูุงูฺฏู -ููุง - ุฏุฑุฌู - ุชุงุจุณุชุงู // ููุง -ุณุฑุฏ ,ุงูุฑูุฒ ุงุฐุงู ุธูุฑ ุจู ุงูู ุชูุฑุงู ฺู ุณุงุนุช ุงุณุชุ ,ุงุฐุงู - ุงูู - ุธูุฑ - ุชูุฑุงู,ุงุฎุชูุงู ุณุงุนุช ุชูุฑุงู ุจุง ูพุงุฑุณ ุฏุฑ ููู  ุฏูู ุณุงู ฺูุฏุฑ ุงุณุช ุ // ูุณฺฉู ฺูุฏ ุณุงุนุช ุนูุจ ุง ุฌูู ุชุฑ ุงุฒ ุงุณุชุงูุจูู ุงุณุช ุ // ุทููุน ุขูุชุงุจ ุฏุฑ ุจุฑูู ุงูุฑูุฒ ฺู ุณุงุนุช ุงุณุชุ // ,ุงุฎุชูุงู ุณุงุนุช - ุชูุฑุงู - ูพุงุฑุณ // ุณุงุนุช - ุนูุจ - ุฌูู - ูุณฺฉู - ุงุณุชุงูุจูู // ุจุฑูู - ุณุงุนุช - ุทููุน ุขูุชุงุจ - ุงูุฑูุฒ,ฺูุฏุฑ ูุงูุฏู ุชุง ุนุฏ ููุฑูุฒ ุ // ุฑูุฒ ุณููุง ุฏุฑ ฺู ุชุงุฑุฎุณุช ุ // ุฑูุฒ ุชููุฏุช ฺูุฏ ุฑูุฒ ุฏฺฏุฑ ุงุณุช ุ // ฺู ุฑูุฒ ูุง ุฏุฑ ุงู ูุงู ุชุนุทู ุฑุณู ูุณุชูุฏ ุ // ุงูุณุงู ุณุงู ฺฉุจุณู ุงุณุช ุ  ,ุนุฏ ููุฑูุฒ // ุฑูุฒ ุณููุง - ุชุงุฑุฎ // ุฑูุฒ ุชููุฏ // ุฑูุฒ- ุชุนุทู ุฑุณู - ูุงู // ุณุงู ฺฉุจุณู - ุงูุณุงู
"ููุชู ุจุนุฏ ููุง ุจูุดูุฑ ุจุงุฑุงู ุงุณุชุ
ูพุด ุจู ููุงุดูุงุณ ุจุฑุง ููุชู ุจุนุฏ ฺู ุจูุฏุ
ุขุง ุฏุฑุง ุจุฑุง ฺูู ู ูุดุช ุณุงุนุช ุขูุฏู ููุงุฌ ุฎูุงูุฏ ุจูุฏุ
ุงูุดุจ ููุง ุงุฑุฏุจู ุชุง ฺูุฏ ุฏุฑุฌู ุณุฑุฏ ูุดูุฏุ
ูุงูฺฏู ุฏูุง ุงูุฑูุฒ ุชูุฑุงู ฺูุฏ ุฏุฑุฌู ุงุณุชุ",ููุงุฌ - ุทููุงู - ุฌุฒุฑ ู ูุฏ - ุขูุชุงุจ - ููู ุงุจุฑ - ุจุงุฑุงู - ุชฺฏุฑฺฏ - ุฑุนุฏ ูุจุฑู - ุฑฺฏุจุงุฑ ุดุฏุฏ - ุฑฺฏุจุงุฑ ูพุฑุงฺฉูุฏู,"ูพุณ ฺฉ ุงุฐุงู ูฺฏูุ
ูุชูู ููู ุจุฑุง ุงุฐุงู ุตุจุญ ุจุฏุงุฑ ฺฉูุ
ุทูู ุฑูุฒ ุงูุฑูุฒ ฺูุฏุฑ ุงุณุชุ
",ููู ุดุจ ุดุฑุน - ุณูพุฏู ุฏู - ุทููุน ุขูุชุงุจ - ุบุฑูุจ ุขูุชุงุจ - ุงูุณุงฺฉ - ุงุฐุงู ุตุจุญ - ุงุฐุงู ูุบุฑุจ - ุนุดุงุก,,,,
ุงูุฑูุฒ ููุง ฺุทูุฑู ุ ,ููุง - ฺุทูุฑู - ูุธุฑุช ฺู - ุจุงุฑูู,ุงุฐุงู ุฑู ฺฏูุชูุฏุ ,ุตุจุญ-ููู ุดุจ- ุงุตููุงู,ุณุงุนุช ฺูุฏูุ ,ู ุฑุจุน-ูููุฏู-ุงุตููุงู,ฒฒ ุจููู ฺูุฏ ุฑูุฒ ุฏฺฏู ุงุณุชุ,ุงุฑุฏุจูุดุช - ุจููู-ูพุณูุฑุฏุง
ุขุง ููุง ุงูุฑูุฒ ุจุงุฑุงู ุงุณุชุ ุงูุดุจ ููุง ฺูุฏุฑ ุณุฑุฏ ู ุดูุฏุ ุฏุฑูุฒ ููุง ุณุฑุฏ ุจูุฏุ ุขููุฏฺฏ ููุง ุงูุฑูุฒ ุฏุฑ ฺู ูุถุนุช ุงุณุชุ ูุฑุฏุง ุขูุชุงุจ ู ุดูุฏุ,ุจุงุฑุงู - ูพุงุฒ - ุขูุชุงุจ - ุขููุฏฺฏ - ุณุฑุฏ ,ุจุฑูุงูู ุฑุง ูุณุท ุงุฐุงู ูุทุน ู ฺฉููุฏุ ุงุฐุงู ุตุจุญ ุณุงุนุช ฺูุฏ ุดุฏูุ ,ุงุฐุงู ุตุจุญ ,ุณุงุนุช ุฏุฑ ฺฉุงููุฑูุง ฺูุฏ ุงุณุชุ ุขุง ุฏุฑ ุชูุฑูุชู ููู ุดุจ ุงุณุชุ ุชูุงูุช ุณุงุนุช ุขูุฑฺฉุง ุจุง ุงุฑุงู ฺูุฏุฑ ุงุณุชุ ุงุฎุชูุงู ุณุงุนุช ูุง ุจุง ุงุฑููพุง ฺูุฏุฑ ุงุณุชุ,ุชูุงูุช ุณุงุนุช - ุขูุฑฺฉุง - ฺฉุงูุงุฏุง - ููู ุดุจ - ุงุฑููพุง ,ุงู ูุงู ฺูุฏ ุชุง ููุงุณุจุช ุชุนุทู ุฏุงุฑูุ ุงู ูุงู ููุงุณุจุช ุฎุงุต ุฏุงุฑูุ ููุงุณุจุช ูุง ุฒูุณุชุงู ุจุดุชุฑ ุงุณุช ุง ุจูุงุฑุ ฺูุฏุชุง ุนุฒุงุฏุงุฑ ุฏุงุฑู ุงู ูุงูุ ฺูุฏ ุชุง ุฎูุดุญุงู ูุฐูุจ ุฏุงุฑู ุงู ูุงูุ ุชุนุทู ุบุฑูุฐูุจ ูู ุฏุงุฑูุ ,ุชุนุทู - ูุฐูุจ- ุนุฒุงุฏุงุฑ - 
"ููุง ฺูุฏ ุฏุฑุฌู ุงุณุช ุ
ุขุง ููุง ุขููุฏู ุงุณุช ุ 
ฺฉ ููุงโุจุงุฑุงู ุงุณุช ุ",ููุง_ุจุงุฑุงู _ ุชูุฑุงู _ ุฏุฑุฌู ,"ุงุฐุงู ูุบุฑุจ ุณุงุนุช ฺูุฏ ุงุณุช ุ 
ุงุฐุงู ุธูุฑ ุณุงุนุช ฺูุฏ ุงุณุชุ",ุงุฐุงู _ ูุบุฑุจ _ ุณุงุนุช,"ุขูุฑฺฉุง ุณุงุนุช ฺูุฏ ุงุณุช ุ 
ุจุดุชุฑู ุชูุงูุช ุณุงุนุช ุจุง ุงุฑุงู ูุฑุจูุท ุจู ฺฉุฌุงุณุชุ
ุงูุฑูุฒ ฺูุฏููุ","ุงูุฑูุฒ
ุณุงุนุช _ ุชุงุฑุฎ _ ฺูุฏู _ ุชูุงูุช ุณุงุนุช ","ุชุนุทู ูุง ุงูุณุงู ฺุณุชุ
ุงูุฑูุฒ ฺู ุฑูุฒุณุช ุ
ุฑูุฒ ูุงุฏุฑ ฺฉ ุงุณุช ุ ",ุชุนุทู _ ุงูุฑูุฒ _ ูุงุฏุฑ _ ุงูุณุงู _ ูุญุฑู
"ูุฑุฏุง ููุง ุณุฑุฏ ุงุณุชุ
ููุง ุณุฑุฏ ุจุฑุง ฺฉุงุดุช ฺู ููุน ุฏุฑุฎุช ูุชูุงุณุจ ุงุณุชุ
ุงุจ ู ููุง ุงู ููุทูู ฺฺฏููู ุงุณุชุ
ููุง ุชูุฑุงู ุฏุฑ ููุชู ูพุด ุฑู ฺฺฏููู ุงุณุชุ",,"ุงุฐุงู ุตุจุญ ุฏุฑ ูุดูุฏ ฺู ุฒูุงู ุงุณุชุ
ุฑูุฒู ุฏุฑ ฺู ุตูุฑุช ุจุงุทู ูุดูุฏุ
ุงุตูู ูุถูุน ฺฺฏููู ุงุณุชุ
ููุงุฒ ุดฺฉุณุชู ุฏุฑ ฺู ุตูุฑุช ุงุณุชุ",,"
ุงุฎุชูุงู ุณุงุนุช ุฏุฑ ุดูุฑ ูุง ุงูุฑฺฉุง ฺูุฏุฑ ุงุณุชุ
ุณุงุนุช ุงูุงู ุฏุฑ ฺู ฺูุฏ ุงุณุช ุ
ุงุฎุชูุงู ุงุฑุงู ู ฺฉุงูุงุฏุง ฺูุฏ ุณุงุนุช ุงุณุชุ",,"ุฑูุฒ ูุงุฏุฑ ฺฉ ุงุณุชุ
ูุฑุฏุง ุจู ฺู ููุงุณุจุช ุชุนุทู ุงุณุชุ
ุชููู ุณุงู ุฌุฏุฏ ฺฉ ูุงุฏุ ",
"ฺุฑุง ุจุฑู ููุงุฏุ
ฺุฑุง ุทููุงู ุดุฏูุ
ููุง ุงุทุฑุงู ุจูุฏุฑ ฺุทูุฑูุ
ุงููุฌุง ููุง ุณุฑุฏู ุง ูู ุ
ููุงุด ุฎู ุดุฑุฌ ูุณุช ุจู ูุธุฑุชุ","ุจุฑู
ุทููุงู
ุจูุฏุฑ
ุณุฑุฏ
ุดุฑุฌ
ูุธุฑุช","ฺฉ ููุช ููุงุฒ ูุดูุ
ุงุฐุงู ุฑู ฺฉ ูฺฏูุ
ุงูุฌุง ุงุฐุงู ุณุงุนุช ฺูุฏูุ
ุตุจุญ ฺฉ ูพุงุดู ุจุฑุง ููุงุฒุ","ููุงุฒ
ุงุฐุงู","ุฎุงููู ุณุงุนุช ฺูุฏุ
ุงูู ูุฑ ุขุจ ุณุงุนุช ฺูุฏูุ
ุงุตูุง ุณุงุนุช ฺูุฏูุ
ุฌูุงุจ ุณุงุนุช ฺูุฏูุ","ุฎุงููู
ุณุงุนุช
ุขุจ
ุฌูุงุจ","ุงูุฑูุฒ ฺูุฏูู ุณุชููุ
ุฏุงุฏุงุด ฺูุฏ ุฑูุฒ ุชุง ุนุฏ ูููุฏูุ
ฺูุฏู ูุฑุณ ูุดุชุ
ุฑูุฒ ุฌูุงู ุณุฑุทุงู ูุบุฒ ฺฉุฏูู ูุงู ูุดูุ
ุจุณุช ุฑูุฒ ุฏฺฏู ฺูุฏููุ","ุณุชูู
ุฏุงุฏุงุด
ุนุฏ
ูุดุช
ฺูุฏู
ุณุฑุทุงู ูุบุฒ
ูุงู
ุจุณุช 
ุฑูุฒ
ุฏฺฏู"
ุขุง ุงูุฑูุฒ ูุงุฒ ุจู ฺุชุฑ ุฏุงุฑูุโ// ุขุง ูุงุฒู ุงุณุช ฺฉุช ุจูพูุดูุ // ุขุง ุงูุฑูุฒ ููุง ุจุงุฑุงู ุงุณุชุ // ุขุง ุงูุฑูุฒ ุจุงุฑุงู ู ุจุงุฑุฏุ // ุขุฎุฑู ุจุงุฑ ฺฉู ููุง ุจุงุฑุงู ุจูุฏุ ฺฉู ุจูุฏุ,ุขุง - ุงูุฑูุฒ - ูุงุฒ ุจู  - ฺุชุฑ // ุขุง - ูุงุฒู - ฺฉุช // ุขุง - ุงูุฑูุฒ - ููุง - ุจุงุฑุงู // ุขุง - ุงูุฑูุฒ - ุจุงุฑุงู - ู ุจุงุฑุฏ // ุขุฎุฑู ุจุงุฑ - ููุง - ุจุงุฑุงู - ฺฉู ุจูุฏ,,,ุชูุฑุงู ุจุง ฺฏุฑููฺ ฺูุฏ ุณุงุนุช ุงุฎุชูุงู ุฏุงุฑุฏุ // ุดุงูฺฏูุง ฺูุฏ ุณุงุนุช ุงุฒ ุชูุฑุงู ุฌููุชุฑ ุงุณุชุ // ูพุงุฑุณ ฺูุฏ ุณุงุนุช ุงุฒ ุชูฺฉู ุนูุจ ุชุฑ ุงุณุชุ // ุงูุงู ุฏุฑ ุชฺฏุฒุงุณ ุฑูุฒ ุงุณุช ุง ุดุจุ // ุฎูุฑุดุฏ ฺฉู ุทููุน ู ฺฉูุฏุ,ุชูุฑุงู - ฺฏุฑููฺ - ฺูุฏ ุณุงุนุช - ุงุฎุชูุงู // ุดุงูฺฏูุง - ฺูุฏ ุณุงุนุช ุงุฒ - ุชูุฑุงู - ุฌููุชุฑ // ูพุงุฑุณ - ฺูุฏ ุณุงุนุช ุงุฒ - ุชูฺฉู - ุนูุจ ุชุฑ // ุงูุงู - ุชฺฏุฒุงุณ - ุฑูุฒ - ุดุจ // ุฎูุฑุดุฏ - ฺฉู - ุทููุน,ููุงุณุจุช ุจุนุฏ ฺุณุชุ // ฺูุฏ ุฑูุฒ ุชุง ุณุงู ูู ูุงูุฏูุ // ุจุฒุฑฺฏุฏุงุดุช ฺฉูุฑูุด ุจุฒุฑฺฏ ฺู ุฑูุฒ ุงุณุชุ // ูุฒุฏฺฉ ุชุฑู ุชุนุทู ุฑุณู ฺู ุฑูุฒ ุงุณุชุ // ุงูู ฺุงููู ูุตุงุฏู ุจุง ฺฉุฏุงู ุฑูุฒ ุชููู ุฎูุฑุดุฏ ุงุณุชุ,ููุงุณุจุช - ุจุนุฏ // ฺูุฏ ุฑูุฒ - ุณุงู ูู // ุจุฒุฑฺฏุฏุงุดุช - ฺฉูุฑูุด ุจุฒุฑฺฏ - ฺู ุฑูุฒ // ูุฒุฏฺฉ ุชุฑู - ุชุนุทู ุฑุณู - ฺู ุฑูุฒ // ุงูู - ฺุงููู - ูุตุงุฏู - ฺฉุฏุงู ุฑูุฒ - ุชููู ุฎูุฑุดุฏ
ุงูุฑูุฒ ููุง ุจู ุทุฑุฒ ุนุฌุจ ฺฏุฑู ุงุณุช! // ุขุง ููุชู ุจุนุฏ ููุง ุขูุชุงุจ ูุดูุฏุ // ููุง ุฏุฑ ูู ฺฉุฑู ุฌููุจ ฺฉุฑู ุฒูู ุงูุงู ฺฺฏููู ุงุณุชุ // ูุธุฑุช ุฏุฑุจุงุฑู ุขุจ ู ููุง ุฌุฒุงุฑ ููุงุฑ ฺุณุชุ,ุงูุฑูุฒ - ููุง - ุทุฑุฒ ุนุฌุจ - ฺฏุฑู// ููุชู ุจุนุฏ - ููุง - ุขูุชุงุจ // ููุง - ูู ฺฉุฑู ุฌููุจ - ฺฉุฑู ุฒูู - ุงูุงู // ูุธุฑุช - ุขุจ ู ููุง - ุฌุฒุงุฑ ููุงุฑ,ููุงุฒ ุตุจุญ ุฏุฑ ูุทุจ ุดูุงู ฺู ุณุงุนุช ุงุณุชุ // ุขุง ุงูุงู ุฏุฑ ุจุฌูฺฏ ููุช ููุงุฒ ุนุตุฑ ุดุฏู ุงุณุชุ // ูุงุตูู ุงุฐุงู ุธูุฑ ู ูุบุฑุจ ุชฺฏุฒุงุณ ฺูุฏุฑ ุงุณุชุ // ฺูุฏ ุฏููู ุชุง ููู ุดุจ ุดุฑุน ุฏุฑ ุณู ูููพุฒ ูุงูุฏู ุงุณุชุ,ููุงุฒ ุตุจุญ - ูุทุจ ุดูุงู // ุงูุงู - ุจุฌูฺฏ - ููุงุฒ ุนุตุฑ // ูุงุตูู - ุงุฐุงู ุธูุฑ - ูุบุฑุจ - ุชฺฏุฒุงุณ // ฺูุฏ ุฏููู - ููู ุดุจ ุดุฑุน - ุณู ูููพุฒ,ุงุง ุงูุงู ุฏุฑ ูฺฉุฒฺฉ ููู ุดุจ ุงุณุชุ // ูุง ุจุง ุงูฺฏูุณุชุงู ฺู ูุฏุฑ ุงุฎุชูุงู ุฒูุงู ุฏุงุฑูุ // ุจู ูุธุฑุช ุงูุงู ุฏุฑ ุชูฺฉู ุตุจุญ ุดุฏูุ // ุฏุฑ ููุจูุฑู ุงูุงู ูุณุท ุฑูุฒ ุงุณุชุ,ูฺฉุฒฺฉ - ููู ุดุจ // ุงูฺฏูุณุชุงู - ุงุฎุชูุงู ุฒูุงู // ุจู ูุธุฑุช - ุชูฺฉู - ุตุจุญ // ููุจูุฑู - ูุณุท ุฑูุฒ,ูุฑุฏุง ุนุฏ ุงุณุชุ // ฺู ูุฏุฑ ูุงูุฏู ุชุง ฺฉุฑุณูุณุ // ูุงุตูู ุฑูุฒ ุฌูุงู ุฏุฑุฎุช ฺฉุงุฑ ู ุฑูุฒ ุฌูุงู ุงุนุชุงุฏ ฺู ูุฏุฑ ุงุณุชุ // ุขุง  ุชุนุทูุงุช ุชุงุจุณุชุงู ฺฉ ูุงู ุฏฺฏุฑ ุงุณุชุ,ูุฑุฏุง - ุนุฏ // ฺฉุฑุณูุณ // ูุงุตูู - ุฑูุฒ ุฌูุงู ุฏุฑุฎุช ฺฉุงุฑ - ุฑูุฒ ุฌูุงู - ุงุนุชุงุฏ // ุชุนุทูุงุช - ุชุงุจุณุชุงู - ฺฉ ูุงู
ุขุง ููุง ุทููุงู ูุดูุ,ููุง _ ุทููุงู,ุฏุฑ ูุทุจ ูุฑุฏู ฺฉ ููุงุฒ ูุฎููู ุุ,ูุทุจ - ฺฉ -ููุงุฒ,ุงฺฏุฑ ุงูุงู ถ ุจุงุดู ูุฑุฏุง ฺฉ ุณุงุนุช ถ ูุดูุ,ุงูุงู- ถ ูุฑุฏุง- ถ,ุฑูุฒ ุฏุงูุดุฌู ฺฉ ุุ,ุฑูุฒ - ุฏุงูุดุฌู 
ุฏุฑูุฒ ุจุฑู ุจุงุฑุฏุ // ุงูุงู ููุง ุฏุฑ ุฒูุฌุงู ุงุจุฑ ุงุณุชุ // ุชุง ฺฉ ูุฑุงุฑ ุงุณุช ุจุงุฑุงู ุจุจุงุฑุฏุ // ูุฑุฏุง ููุง ฺุทูุฑ ุฎูุงูุฏ ุจูุฏุ // ุขุง ุขุจ ู ููุง ุฒูุฌุงู ุณุฑุฏ ู ุฎุดฺฉ ุงุณุชุ // ุงู ุฌุง ููุง ุฎู ุฎูุจ ุงุณุช,ุฏุฑูุฒ - ุจุฑู // ุงูุงู - ููุง - ุฒูุฌุงู - ุงุจุฑ // ุชุง ฺฉ - ุจุงุฑุงู - ุจุจุงุฑุฏ // ูุฑุฏุง - ููุง - ฺุทูุฑ // ุขุจ ู ููุง - ุฒูุฌุงู - ุณุฑุฏ ู ุฎุดฺฉ // ุงูุฌุง - ููุง - ุฎู ุฎูุจ,ุขุง ุฏุฑ ุชูุฑุงู ุงุฐุงู ูุบุฑุจ ุดุฏู ุงุณุชุ // ุฏุฑ ูุดูุฏ ฺูุฏุฑ ุชุง ููู ุดุจ ุดุฑุน ุจุงู ูุงูุฏู ุงุณุชุ // ุงุฐุงู ุธูุฑ ฺู ุณุงุนุช ุงุณุชุ // ุจู ุงุฐุงู ุธูุฑ ู ุงุฐุงู ูุบุฑุจ ุฏุฑ ุฑุดุช ฺูุฏ ุณุงุนุช ูุงุตูู ุงุณุชุ // ุจู ุงุฐุงู ุตุจุญ ุฏุฑ ุชูุฑุงู ู ุฒูุฌุงู ฺูุฏุฑ ูุงุตูู ุฒูุงู ูุณุชุ,ุชูุฑุงู - ุงุฐุงู ูุบุฑุจ // ูุดูุฏ - ููู ุดุจ ุดุฑุน // ุงุฐุงู ุธูุฑ // ุงุฐุงู ุธูุฑ - ุงุฐุงู ูุบุฑุจ - ุฑุดุช // ุงุฐุงู ุตุจุญ - ุชูุฑุงู - ุฒูุฌุงู,ุงูุงู ุฏุฑ ุงุฑูุงู ุณุงุนุช ฺูุฏ ุงุณุชุ // ุขุง ุงูุงู ุฏุฑ ฺฉุงุจู ุธูุฑ ุงุณุชุ // ุฏุฑ ุณููุฏุฌ ุขูุชุงุจ ฺู ุณุงุนุช ุบุฑูุจ ู ฺฉูุฏุ,ุงุฑูุงู - ุณุงุนุช // ฺฉุงุจู - ุธูุฑ // ุณููุฏุฌ - ุบุฑูุจ,ุขุง ูุฑุฏุง ุชุนุทู ุงุณุชุ // ูพุณ ูุฑุฏุง ุนุฏ ุงุณุชุ // ููุงุณุจุช ุงูุฑูุฒ ฺุณุชุ // ุฑูุฒ ุฌูุงู ฺูพ ุฏุณุช ูุง ฺฉ ุงุณุชุ,ูุฑุฏุง - ุชุนุทู // ูพุณ ูุฑุฏุง - ุนุฏ // ููุงุณุจุช - ุงูุฑูุฒ // ุฑูุฒ ุฌูุงู ฺูพ ุฏุณุช ูุง - ฺฉ
ุงุฒ ฺฉุฌุง ุจุฏููู ููุง ฺูุฏ ุฏุฑุฌู ุณุชุ ูู ฺฉู ุตุจุญ ุชุง ุดุจ ุชู ุฎููู ุฎูุฏูู ุญุจุณ ฺฉุฑุฏู (ุฏุฑ ูุงูุน ุญุจุณ ุดุฏู) ฺุฑุง ุจุงุฏ ุขุจ ู ููุง ุชุฎู ุชูุฑุงู ุง ูุฑ ุฌููู ุฏฺฏู ุง ุจู ุฌุงู ุจุงุดูุ ,ุฏุฑุฌูุ ุญุจุณุ ููุงุ ุชุฎู ,ููุงุฒ ูู ุฎููู ฺฉู ุจุฎูุงู ุณุงุนุช ุฏูู ุงููุงุช ุดุฑุน ุฑู ุจุฏูููุ ูู ุญูุงู 12 ุงุฐุงู ุธูุฑุ ุญูุงู 5 ุงุฐุงู ูุบุฑุจุ 11 ุดุจ ูู ุญุฏูุฏุง ูุถุง ูุดู. ,ููุงุฒุ ุงุฐุงูุ ูุถุง,ุงูุงู ูุฑุฏู ุงูููุฑ ุฏูุง ุฏุงุฑู ฺฺฉุงุฑ ูฺฉููุ ููุช ูู ุฏุงุฑู ุจู ฺฉูุงุณุง ุขููุงู ฺฉุณุดุฑ ฺฏูุด ูุฏูุ ุฌุง ูุซู ุขูุฑฺฉุง ฺฉู ุดุจู ฺูุฏ ููุฑ ุฏุงุฑู ูุงุณู ููุฏฺฏู ูุฎูุฑูุ ฺูุฏ ููุฑ ุฏุงุฑู ุจู ูุชู ูุฑุณูุ ฺูุฏ ููุฑ ุจู ุฏูุง ูุงูุ ุฌุงูุจู ุฏููุณุชู ุงูุง. ,,ุฏูุณุช ุฏุงุฑู ู ุจุงุฑ ุฑูุฒ ุฌูุงู ุจุฏูู ุณูุชู ุฑู ุฌุดู ุจฺฏุฑู. ุฎุฎุฎ,
"ุงูุฑูุฒ ููุง ุจุงุฑูู ุจูุฏุ 
ูุณุจุช ุจู ูพุงุฑุณุงู ุงููููุน ููุง ุชูุฑุงู ุณุฑุฏุชุฑ ุดุฏูุ
ุฏูุง ฺฉุฏูู ุดูุฑ ุงุฒ ููู ุชู ุงุฑุงู ฺฉูุชุฑูุ ","ุงูุฑูุฒ -ุจุงุฑูู 
ูพุงุฑุณุงู ููููููุน-ุณุฑุฏุชุฑ
ุฏูุง ุงุฑุงู ฺฉูุชุฑ","ูุฏุช ุฒูุงู ุฑูุฒู ฺฏุฑูุชู ุชู ฺฏุฏูู ุดูุฑ ุงุฑุงู ฺฉูุชุฑูุ
ุทููุน ุงูุชุงุจ ฺฉุฑุฏุณุชุงู ุงูุฑูุฒ ฺู ุฒูุงู ุงุณุชุ",,"ุณุงุนุช ฺูุฏูุ
ุงูุงู ุชู ุชูุฑูุชู ุดุจู ุง ุฑูุฒ ุ 
",,"ุฑูุฒ ูพุณุฑ ฺูุฏููุ 
ุนุฏ ูุฑุจุงู ูพุงุฑุณุงู ฺู ุฑูุฒ ุงุฒ ุชุงุฑุฎ ุดูุณ ุจูุฏุ ",
"ฺฉุฏุงู ฺฉุดูุฑ ุณุฑุฏุชุฑู ุขุจ ู ููุง ุฑุง ุฏุงุฑุฏุ
ูุชููุน ุชุฑู ููุทูู ุงุฑุงู ุงุฒ ูุธุฑ ุขุจ ู ููุง ฺฉุฌุงุณุชุ
ฺฏุฑู ุชุฑู ุฑูุฒ ุชูุฑุงู ุฏุฑ ุณุงู ฺฏุฐุดุชู ฺู ุฑูุฒ ุจูุฏุ
ูุงูฺฏู ุฏุฑุฌู ููุง ููุฏ ฺูุฏุฑ ุงุณุชุ
ุฏูุง ููุง ุชูุฑุงู ุฏุฑ ุท 10 ุณุงู ุงุฎุฑ ฺูุฏ ุฏุฑุฌู ุงูุฒุงุด ุงูุชู ุงุณุชุ
","ุณุฑุฏุชุฑู ฺฉุดูุฑ
ูุชููุน ุชุฑู/ ุงุฑุงู/ ุขุจ ู ููุง
ฺฏุฑู ุชุฑู/ ุชูุฑุงู/ ุณุงู ฺฏุฐุดุชู
ูุงูฺฏู/ ุฏุฑุฌู ููุง/ ููุฏ
ุฏูุง/ ุชูุฑุงู/ 10 ุณุงู ุงุฎุฑ/ ุงูุฒุงุด","ุงุฐุงู ุตุจุญ ุชูุฑุงู ู ูู ฺูุฏุฑ ุชูุงูุช ุฏุงุฑุฏุ
ุงุฐุงู ูุบุฑุจ ุงุฒ ุงุจุชุฏุง ฺฉ ูุงู ุชุง ุงูุชูุง ุขู ุญุฏูุฏุง ฺูุฏุฑ ุฌุง ุจู ุฌุง ูุดูุฏุ
ุจุดุชุฑู ุงุฎุชูุงู ุฒูุงู ุฏุฑ ุงุฐุงู ุตุจุญ ุฏุฑ ฺฉุฏุงู ุฏู ููุทู ุงุฒ ุงุฑุงู ุงุชูุงู ู ุงูุชุฏุ
ูุงุตูู ุงุฐุงู ุตุจุญ ุชุง ุทููุน ุขูุชุงุจ ุฏุฑูุฒ ฺูุฏุฑ ุจูุฏุ","ุงุฐุงู ุตุจุญ/ ุชูุฑุงู/ ูู
ุงุฐุงู ููุฑุจ/ ุงุจุชุฏุง ูุงู/ ุงูุชูุง/ ุฌุงุจู ุฌุง
ุจุดุชุฑู ุงุฎุชูุงู/ ุงุฐุงู ุตุจุญ/ ุงุฑุงู
ุงุฐุงู ุตุจุญ/ ุทููุน ุขูุชุงุจ/ ุฏุฑูุฒ","ุงุฎุชูุงู ุฒูุงู ุชูุฑุงู ู ูุณฺฉู ฺูุฏุฑ ุงุณุชุ
ุงูุงู ุณุงุนุช ุฏุฑ ฺฉุงููุฑูุง ฺูุฏ ุงุณุชุ
ุงุฎุชูุงู ุฒูุงู ูุงู ุดูุงู ุชุฑู ู ุฌููุจ ุชุฑู ุงุงูุช ุขูุฑฺฉุง ฺูุฏุฑ ุงุณุชุ
ุงฺฏุฑ ุฏุฑ ุชูุฑุงู ุณุงุนุช 8 ุดุจ ุจุงุดุฏ ุฏุฑ ุณุฏู ุณุงุนุช ฺูุฏ ุงุณุชุ
","ุงุฎุชูุงู ุฒูุงู/ ุชูุฑุงู/ ูุณฺฉู
ุงูุงู/ ุณุงุนุช/ ฺฉุงููุฑูุง
ุงุฎุชูุงู ุฒูุงู/ ุดูุงู ุชุฑู/ ุฌููุจ ุชุฑู/ ุงุงูุช ุขูุฑฺฉุง
ุชูุฑุงู/ ุณุงุนุช 8/ ุณุฏู/ ุณุงุนุช","ุฑูุฒ ุตุงุฏุฑุงุช ฺู ุฑูุฒ ุงุณุชุ
ุฑูุฒ ุฌูุงู ุณุฑุทุงู ุณูู ฺู ุฑูุฒ ุงุณุชุ
ุฑูุฒ ูพุฏุฑ ุงูุณุงู ฺู ุชุงุฑุฎ ุงุณุชุ
ุนุฏ ูุทุฑ ุณุงู ุขูุฏู ฺู ุฑูุฒ ุงุณุชุ","ุฑูุฒ ุตุฏุฑุงุช
ุฑูุฒ ุฌูุงู ุณุฑุทุงู ุณูู
ุฑูุฒ ูพุฏุฑ/ุงูุณุงู
ุนุฏ ูุทุฑ/ ุณุงู ุขูุฏู"
ููุง ฺฉ ููุชู ูพุด ุชูุฑูุชู ฺูุฏ ุฏุฑุฌู ุจูุฏุ,ููุง-ฺฉ ููุชู ูพุด-ุชูุฑูุชู-ุฏุฑุฌู,ุงุฐุงู ุธูุฑ ุชูุฑุงู ูุฑุฏุง ฺู ุฒูุงู ุงุณุชุ,ุงุฐุงู ุธูุฑ-ุชูุฑุงู-ูุฑุฏุง,ุณุงุนุช ููุฏู ุงูุงู ฺูุฏ ุงุณุชุ,ุณุงุนุช-ููุฏู-ุงูุงู,ุฑูุฒ ุฏุงูุดุฌู ุณุงู ุจุนุฏ ฺู ุฑูุฒ ุงุณุชุ,ุฑูุฒ ุฏุงูุดุฌู -ุณุงู ุจุนุฏ
ููุง ฺูุฏุฑ ุณุฑุฏูุ ููุ ููุง ุฎู ุชุงุฑฺฉู. ูุฑุฏุง ุขูุชุงุจูุ ููุง ูุดูุฏ ฺุทูุฑูุ ููุชูู ุขูุฏู ุจุฑู ูุงุฏุ,,ุงุฐุงูู ฺฉ ูโฺฏูุ ุงุฐุงู ุตุจุญ ุงุตููุงู ฺูุฏุฑ ุฌููุชุฑูุ ุจู ุงุฐุงู ฺูุฏุฑ ูููุฏูุ ูููโุดุจ ุดุฑุน ฺฏุฐุดุชุ,,ุงูุขู ูููุฑฺฉ ฺู ุณุงุนุชูุ ุงูุขู ููฺฉููุฑ ุดุจูุ ุณุงุนุช ููุช ูุง ูโุดู ฺูุฏ ููุฏูุ,,ูุฑุฏุง ุนุฏูุ ุฑูุฒ ุฌูุงู ุฒู ูุจุงุฑฺฉ. ูฺฏู ูุฑุฏุง ุนุฏู ฺฉู ุชุนุทููุ  ุงูุณุงู ุงุณููุฏ ุณ ุฑูุฒูุ ููุชูู ุฏฺฏู ุจูโุงูุชุนุทูู ุฏุงุฑูุ ฺูุฏุฑ ุชุง ูุงู ุฑูุถูู ูููุฏูุ,
ูุธุฑุช ุฑุงุฌุน ุจู ููุง ุงูุฑูุฒ ฺูุ // ููุง ุฏูููุฑูโุณ. // ุชู ุงู ููุง ุจูุชุฑ ูุณุช ุจุฑู ุจุฑููุ // ููุง ู ฺฉู ุณุฑุฏ ูุดุฏูุ // ููุง ุดุฑุฌ ุบุฑูุงุจูโุชุญูููู. // ุจู ูุธุฑุช ุขุจโูููุง ูุฑุจูุท ุงุฒ ุงุณุชูุง ุจูุชุฑ ูุณุชุ ,ููุง - ุงูุฑูุฒ - ูุธุฑ // ููุง - ุฏูููุฑู // ููุง - ุจุฑูู - ุจุฑู // ููุง - ุณุฑุฏ // ููุง - ุดุฑุฌ - ุบุฑูุงุจูโุชุญููู // ุขุจโูููุง - ุงุณุชูุง ,ููุงุฒู ูุบุฑุจ ฺฉ ูุถุง ูโุดูุ // ููุงุฒู ุนุฏู ูุทุฑ ฺฉ ุจุฑูพุง ูโุดูุ // ุนุฏู ูุทุฑ ูุฑุฏุงุณุช ุง ูพุณโูุฑุฏุงุ // ุทููุนู ุขูุชุงุจ ฺู ุณุงุนุชูุ // ุงุฐุงูู ุธูุฑ ฺฉูุ ,ููุงุฒ - ูุบุฑุจ - ูุถุง // ููุงุฒ - ุนุฏ ูุทุฑ // ุนุฏู ูุทุฑ // ุทููุน ุขูุชุงุจ - ุณุงุนุช // ุงุฐุงูู ุธูุฑ ,ฺูุฏ ุณุงุนุช ุฏฺฏู ูโุฑุณูุ // ุงูุฑูุฒ ฺฉ ฺฉูุงุณ ุฏุงุฑุ // ุงุฎุชูุงูู ุณุงุนุชู ุงุฑุงู ุจุง ุขูุฑฺฉุง ุญุฏูุฏุงู ฺูุฏ ุณุงุนุชูุ // ูุฑุฏุง ุณุงุนุชู ฺูุฏ ุจุงุฏ ุงูโุฌุง ุจุงุดูุ // ูโุดู ูู ุณุงุนุช ูุจู ุงุฒ ุฑูุชูุช ุจู ูู ุฎุจุฑ ุจุฏุ ,ฺูุฏ - ุณุงุนุช - ูโุฑุณู // ุงูุฑูุฒ - ฺฉ - ฺฉูุงุณ // ุงุฎุชูุงูู ุณุงุนุช - ุงุฑุงู - ุขูุฑฺฉุง // ูุฑุฏุง - ุณุงุนุช // ูู ุณุงุนุช - ูุจู - ุฑูุชูุช - ุฎุจุฑ ,ุชูููุฏุช ฺูุฏูู ุขุจุงููุ // ุฌุดูู ุฑูุฒู ุฏุงูุดฺฉุฏู ุณู ุฏ ุจูุฏ ุง ฺูุงุฑ ุฏุ // ูุฑุฏุง ููุงุณุจุชู ุฎุงุตููุ // ูุธุฑุช ฺู ุจู ููุงุณุจุชู ุฑูุฒู ูููุฏุณ ู ุฌุดู ุจุฑฺฏุฒุงุฑ ฺฉููุ // ุชูููู ููุฑ ฺูุฏุฑูุฒูโุณุ ,ุชูููุฏุช - ฺูุฏู // ุฌุดูู ุฑูุฒู ุฏุงูุดฺฉุฏู - ุฏ // ูุฑุฏุง - ููุงุณุจุช // ูุธุฑุช ฺู - ุฑูุฒู ูููุฏุณ - ุฌุดู // ุชูููู ููุฑ - ฺูุฏ ุฑูุฒู
ุณุฑุฏุชุฑู ุฏูุง ุฏุฑ ููุฏุงู ฺูุฏ ุฏุฑุฌู ุจูุฏู ุงุณุชุ,ุณุฑุฏุชุฑู - ููุฏุงู - ุฏูุง - ุฏุฑุฌู ,ุงุฐุงู ุตุจุญ ูุฑุฏุง ููุฏุงู ฺู ุฒูุงู ุงุณุชุ,ุงุฐุงู ุตุจุญ - ููุฏุงู - ูุฑุฏุง  ,ุงุฎุชูุงู ุฒูุงู ฺุงูพู ู ุงุฑุงู ฺูุฏุฑ ุงุณุชุ ,ุงุฎุชูุงู ุฒูุงู - ุงุฑุงู - ฺุงูพู ,ุงูุณุงู ฺฉุจุณู ุงุณุชุ ,ุงูุณุงู - ฺฉุจุณู 
ฺฉ ุฏูุจุงุฑู ุจุงุฑูู ู ุขุฏุ // ฺุฑุง ุฎููู ุงููุฏุฑ ุณุฑุฏูุ // ูพุงุฑุณุงู ุงู ูููุน ุชูุฑุงู ุจุงุฑูู ุงููุฏ //,ุจุงุฑูู - ุชูุฑุงู - ุจุฑู - ูู ,"ูุงู ุฑูุถูู ุชูุฑุงู ุฒูุฏุชุฑ ุงุฐุงู ูุดู ุง ุงุตููุงู ุ
ุฒูุณุชูู ฺุฑุง ุงููุฏุฑ ุฒูุฏ ูุบุฑุจ ูุดู ุ
ุงุฐุงู ุตุจุญ ุงุตููุงู ฺู ุณุงุนุชูุ",ุงุฐุงู - ูุงู ุฑูุถูู - ุงุตููุงู - ุชูุฑุงู- ุฒูุณุชูู,"ุงูุงู ุณุฆูู ุณุงุนุช ฺูุฏูุ
ุงูุงู ุดู ุณุงุนุช ฺูุฏูุ
ุงฺฏู ู ุฑูุฒ ุจุฑู ุขูุฑูุง ุงุฎุชูุงู ุณุงุนุชุด ุจุง ุงุฑุงู ฺูุฏุฑูุ",ุณุฆูู / ุงูุงู /ุดู / ู ุฑูุฒ /ุขูุฑูุง/ ุงุฑุงู,"ฺูุฏ ุฑูุฒ ุชุง ฺฉุฑุณูุณ ูููุฏูุ
ุฑูุฒ ุฌูุงู ุฎุจุฑูฺฏุงุฑ ฺู ุฑูุฒูุ
ฺุฑุง ุชููุฏู ุดูุฑูุฑูุ
ฺุฑุง ูุตู ุณูพุชุงูุจุฑ ุดูุฑูุฑู ูุตู ุฏฺฏุด ููุฑูุ",ฺฉุฑุณูุณ/ ุฎุจุฑูฺฏุงุฑ/ุดูุฑูุฑ/ููุฑ/ุณูพุชุงูุจุฑ
ุขุฎุฑู ุจุงุฑ ฺฉู ุจุงุฑูู ุงููุฏ ฺฉ ุจูุฏุ // ููุง ูุฑุงุฑู ุณุฑุฏ ุจุดูุ // ููุง ููุท ุงุจุฑู ุง ุจุงุฑูู ูุฎูุงุฏ ุจุงุฏุ // ููุง ฺูุฏ ุฏุฑุฌู ุณุ // ุจูุชุฑู ููุง ุฑู ุงูุงู ฺฉุฌุง ุฏุงุฑูุ,ุขุฎุฑู ุจุงุฑ - ุจุงุฑูู // ููุง - ุณุฑุฏ // ููุท - ุงุจุฑ - ุง ุจุงุฑูู // ููุง - ุฏุฑุฌู // ุจูุชุฑู - ููุง - ฺฉุฌุง,ุงุฐุงู ุตุจุญ ฺู ุณุงุนุชูุ // ุชุง ุบุฑูุจ ฺูุฏุฑ ูููุฏูุ // ุงุฐุงู ุธูุฑ ุดุฏูุ,ุงุฐุงู - ุตุจุญ - ุณุงุนุช // ุบุฑูุจ - ฺูุฏุฑ - ูููุฏู // ุงุฐุงู - ุธูุฑ,ฺูุฏุฑ ุจู ุณุงุนุช ุฏู ูููุฏูุ // ูู ุณุงุนุช ุฏฺฏู ุณุงุนุช ฺูุฏูุ // ููุช ูุญู ูููุฑฺฉ,ฺูุฏุฑ - ุณุงุนุช - ุฏู // ูู - ุณุงุนุช - ุฏฺฏู // ููุช - ูููุฑฺฉ,ุฑูุฒ ุฏุงูุดุฌู ฺู ุฑูุฒูุ // ุงูุณุงู ูุญุฑู ฺฉ ุดุฑูุน ูุดูุ // ฺูุฏ ุฑูุฒ ุชุง ุนุฏ ููุฑูุฒ ูููุฏูุ // ุชุนุทู ุจุนุฏ ฺฉูุ,ุฑูุฒ - ุฏุงูุดุฌู // ุงูุณุงู - ูุญุฑู - ฺฉ // ฺูุฏ - ุฑูุฒ - ููุฑูุฒ // ุชุนุทู - ุจุนุฏ
"ุงูุฑูุฒ ููุง ฺุทูุฑูุ
ููุง ฺูุฏ ุฏุฑุฌุณุชุ
ุจูุธุฑุช ุงุฒ ุณุงู ูพุด ุณุฑุฏุชุฑ ูุณุชุ
ุงูุฑูุฒ ุจุงุฑูู ูุงุฏุ
ููุชู ูพุด ฺฏุฑูโุชุฑ ูุจูุฏุ",ููุง ุฏุฑุฌู ููุชู ุณุงู ูพุด,"ุณุงุนุช ฺูุฏ ุงุฐุงู ุตุจุญ ูฺฏูุ
ูุงุตูู ุงุฐุงู ุชูุฑุงู ุจุง ุงูุฌุง ฺูุฏุฑูุ
ูููโุดุจ ุดุฑุน ฺฉ ูุณุชุ
ุงุฐุงู ุธูุฑ ฺฉ ูฺฏูุ
ุงุฐุงู ุงููุง ูู ุณุงุนุช ุงุฒ ูุง ุฌููุชุฑู",ุงุฐุงูุ ุตุจุญุ ููู ุดุจ ุดุฑุนุ ุณุงุนุช,"ุงูุงู ุณุงุนุช ฺูุฏูุ
ุณุงุนุช ุชู ูุงุดูฺฏุชู ฺูุฏูุ
ุงูุงู ุชู ุงุณุชุฑุงูุง ุฑูุฒ ูุณุชุ
ฺูุฏ ุจุง ุดูุง ุงุฎุชูุงู ุณุงุนุช ุฏุงุฑูุ
ุงููุง ด ุณุงุนุช ุงุฒ ูุง ุฌููุชุฑ ูุณุชู",ุณุงุนุชุ ุฑูุฒุ ุดุจุ ุงุฎุชูุงูุ ุฌููุชุฑุ ุนูุจโุชุฑ,"ุงูุฑูุฒ ฺูุฏููุ
ููุชู ุจุนุฏ ุจู ฺู ููุงุณุจุช ุชุนุทููุ
ฺูุฏ ูููุฏู ุชุง ุชููุฏ ูุงูุงูุ
ุณุงู ูพุด ุงุฑุจุนู ฺู ุฑูุฒ ุจูุฏุ
ุฑูุฒ ูพุฒุดฺฉ ฺฉ ูุณุชุ",ุงูุฑูุฒุ ุฑูุฒุ ููุงุณุจุช
"ุขุจ ู ููุง ููุชู ุขูุฏู ุฑูุณูุฌุงู ฺุทูุฑ ุงุณุชุ
ูุฒุงู ุจุงุฑุด ุจุงุฑุงู ฺูุฏ ูููุชุฑ ฺฏุฒุงุฑุด ุดุฏุ
ุงุง ุงู ุณุงูุงูู ุจุงุฑุด ูพุงุฏุงุฑ ุฎูุงูุฏ ูุงูุฏุ
ุงุง ุงูฺฉุงู ุจุงุฑุด ุจุฑู ูุฌูุฏ ุฏุงุฑุฏุ
ุทููุงู ุงูุฑูุฒ ุงูุฑฺฉุง ฺูุฏุฑ ุฎุณุงุฑุช ุฏุงุดุชูุ",ุขุจ ู ููุง-ุฑูุณูุฌุงู-ููุชู ุขูุฏู//ุจุงุฑุด ุจุงุฑุงู-ูููุชุฑ-ฺฏุฒุงุฑุด//ุณุงูุงูู ุจุงุฑุด-ูพุงุฏุงุฑ//ุจุงุฑุด ุจุฑู//ุทููุงู-ุงูุฑูุฒ-ุงูุฑฺฉุง-ุฎุณุงุฑุช,"ุงุฐุงู ุตุจุญ ุชูุฑุงู ุงูุฑูุฒ ฺู ุฒูุงู ุงุณุชุ
ููู ุดุจ ุดุฑุน ฺฉุฑูุงู ุฏุฑ ฺู ุฒูุงู ุงุณุชุ
",ุงุฐุงู ุตุจุญ-ุชูุฑุงู-ุงูุฑูุฒ//ููู ุดุจ ุดุฑุน-ฺฉุฑูุงู,"ุงุฎุชูุงู ุณุงุนุช ุชูุฑุงู ู ฺฉุงููุฑูุง ฺูุฏุฑ ุงุณุชุ
ุงูุงู ุฏุฑ ูุณฺฉู ุดุจ ุงุณุช ุง ุฑูุฒุ
ูุฑุฏุง ฺู ุฑูุฒ ุงุฒ ูุงู ุฏุณุงูุจุฑ ุงุณุชุ
ุณุงุนุช ูพฺฉู ุงฺฉููู ฺูุฏ ุงุณุชุ",ุงุฎุชูุงู ุณุงุนุช-ุชูุฑุงู-ฺฉุงููุฑูุง//ุงูุงู-ูุณฺฉู-ุดุจ ุง ุฑูุฒ//ูุฑุฏุง-ฺู ุฑูุฒ-ูุงู ุฏุณุงูุจุฑ//ุณุงุนุช-ูพฺฉู-ุงฺฉููู,"ฺูุฏ ุฑูุฒ ุชุง ุดุจ ูุฏุง ุจุงู ูุงูุฏูุ
ุฑูุฒ ูุนูู ฺู ุชุงุฑุฎ ุงุณุชุ
ุชุงุฑุฎ ุชููุฏุช ุดูุง ฺู ุฑูุฒ ุงุณุชุ
ูุฑุฏุง ฺูุฏู ุงุณุชุ
ูุฑุฏุง ฺู ููุงุณุจุช ูุณุชุ",ุดุจ ูุฏุง//ุฑูุฒ ูุนูู-ฺู ุชุงุฑุฎ//ุชุงุฑุฎ ุชููุฏ-ุดูุง-ฺู ุฑูุฒ//ูุฑุฏุง-ฺูุฏู//ูุฑุฏุง-ฺู ููุงุณุจุช
,,,,,,,
ููุง ฺุทูุฑูุ,ูุฑุฏุง-ุจุฑู-ุจุงุฑูู-ูู-ุณฺฏุงุฑ-ูููู,ฺฉ ุงุฐุงู ูฺฏูุ,ุงูุฌุง-ฺฉ-ุบุฑูุจ,ฺฉ ุจุงูุ,ูุง-ฺฉ-ุณุงุนุช-ุฏุฑ,ุงูุฑูุฒ ฺู ุฑูุฒูุ,ุดุจ ฺูู - ุฑูุฒ ูพุฑุณุชุงุฑ
