event,event_key
جشن نوروز,جشن نوروز
روز جهانی شعر,روز جهانی شعر
عیدنوروز,عیدنوروز
روز جهانی آب,روز جهانی آب
عیدنوروز,عیدنوروز
درگذشت فریدریش آوگوست فون هایک  قتصاددان و فیلسوف سیاسی,درگذشت فریدریش آوگوست فون هایک  قتصاددان و فیلسوف سیاسی
عیدنوروز,عیدنوروز
درگذشت اسماعیل ادیب خوانساری موسیقیدان ایرانی,درگذشت اسماعیل ادیب خوانساری موسیقیدان ایرانی
زادروز پیتر دبای دانشمند هلندی,زادروز پیتر دبای دانشمند هلندی
روز امید,روز امید
زادروز آشو زرتشت,زادروز آشو زرتشت
زادروز لری پیج کارآفرین و مبتکر آمریکایی,زادروز لری پیج کارآفرین و مبتکر آمریکایی
درگذشت لودویگ فان بتهوون موسیقی‌دان برجستهٔ آلمانی,درگذشت لودویگ فان بتهوون موسیقی‌دان برجستهٔ آلمانی
روز جهانی تئاتر,روز جهانی تئاتر
درگذشت ویرجینیا وولف,درگذشت ویرجینیا وولف
شهادت امام محمد تقی علیه السلام,شهادت امام محمد تقی علیه السلام
جشن آبانگاه,جشن آبانگاه
درگذشت فریدریش برژیوس شیمیدان آلمانی,درگذشت فریدریش برژیوس شیمیدان آلمانی
برج ایفل در پاریس بطور رسمی گشایش یافت.,برج ایفل در پاریس بطور رسمی گشایش یافت.
روز جمهوری اسلامی,روز جمهوری اسلامی
جشن سیزده به در,جشن سیزده به در
درگذشت علی‌اکبر صنعتی نقاش و مجسمه‌ساز ایرانی,درگذشت علی‌اکبر صنعتی نقاش و مجسمه‌ساز ایرانی
روز جهانی کتاب کودک,روز جهانی کتاب کودک
روز جهانی اطلاع‌رسانی دربارهٔ بیماری اوتیسم,روز جهانی اطلاع‌رسانی دربارهٔ بیماری اوتیسم
زادروز ابوالحسن صبا موسیقیدان,زادروز ابوالحسن صبا موسیقیدان
درگذشت یوهانس برامس موسیقی‌دان بزرگ آلمانی,درگذشت یوهانس برامس موسیقی‌دان بزرگ آلمانی
درگذشت پروین اعتصامی,درگذشت پروین اعتصامی
گشایش رسمی مرکز تجارت جهانی,گشایش رسمی مرکز تجارت جهانی
درگذشت ویلهلم اوستوالد شیمیدان آلمانی,درگذشت ویلهلم اوستوالد شیمیدان آلمانی
شهادت امام محمد باقر علیه السلام,شهادت امام محمد باقر علیه السلام
سروش روز,سروش روز
درگذشت توماسو آلبینونی آهنگساز ایتالیایی,درگذشت توماسو آلبینونی آهنگساز ایتالیایی
زاد روز هورست لودویگ اشتورمر فیزیکدان آلمانی,زاد روز هورست لودویگ اشتورمر فیزیکدان آلمانی
زاد روز جیمز واتسون ,زاد روز جیمز واتسون 
روز جهانی بهداشت,روز جهانی بهداشت
روز عرفه,روز عرفه
فروردین روز,فروردین روز
عید سعید قربان,عید سعید قربان
درگذشت پابلو پیکاسو  نقاش,درگذشت پابلو پیکاسو  نقاش
درگذشت اریک آکسل کارلفلدت شاعر نمادگرای سوئدی,درگذشت اریک آکسل کارلفلدت شاعر نمادگرای سوئدی
درگذشت فرانسوا رابله ادیب,درگذشت فرانسوا رابله ادیب
درگذشت جبران خلیل جبران نویسنده سرشناس لبنان و آمریکا,درگذشت جبران خلیل جبران نویسنده سرشناس لبنان و آمریکا
زادروز جوزف پولیتزر روزنامه‌نگار معروف آمریکایی و بنیانگذار جایزه ادبی پولیتزر,زادروز جوزف پولیتزر روزنامه‌نگار معروف آمریکایی و بنیانگذار جایزه ادبی پولیتزر
زادروز آدلاید لابلی گویارد نقاش فرانسوی,زادروز آدلاید لابلی گویارد نقاش فرانسوی
روز دندانپزشک,روز دندانپزشک
زادروز یان تینبرگن اقتصاددان,زادروز یان تینبرگن اقتصاددان
درگذشت ایگور یوگنیویچ تام فیزیکدان و ریاضی‌دان روسی,درگذشت ایگور یوگنیویچ تام فیزیکدان و ریاضی‌دان روسی
ولادت امام علی النقی الهادی علیه السلام,ولادت امام علی النقی الهادی علیه السلام
درگذشت جان ویلر فیزیکدان آمریکایی,درگذشت جان ویلر فیزیکدان آمریکایی
روز بزرگداشت عطار نیشابوری,روز بزرگداشت عطار نیشابوری
کشتی مسافربر تایتانیک با ۲۲۰۰ مسافر و خدمه در حوالی کانادا غرق شد.,کشتی مسافربر تایتانیک با ۲۲۰۰ مسافر و خدمه در حوالی کانادا غرق شد.
درگذشت جرج فردریک هندل آهنگساز آلمانی,درگذشت جرج فردریک هندل آهنگساز آلمانی
زاد روز لئوناردو داوینچی دانشمند,زاد روز لئوناردو داوینچی دانشمند
درگذشت میخاییل لومونسف نویسنده و دانشمند روسی,درگذشت میخاییل لومونسف نویسنده و دانشمند روسی
عید سعید غدیر خم,عید سعید غدیر خم
زادروز چارلی چاپلین کمدین مشهور,زادروز چارلی چاپلین کمدین مشهور
درگذشت یاسوناری کاواباتا نویسنده ژاپنی,درگذشت یاسوناری کاواباتا نویسنده ژاپنی
درگذشت بنجامین فرانکلین ,درگذشت بنجامین فرانکلین 
درگذشت هنریک کارل پیتر دام زیست‌شناس و شیمیدان برندهٔ جایزه نوبل پزشکی ۱۹۴۳ از دانمارک,درگذشت هنریک کارل پیتر دام زیست‌شناس و شیمیدان برندهٔ جایزه نوبل پزشکی ۱۹۴۳ از دانمارک
روز ارتش جمهوری اسلامی ایران,روز ارتش جمهوری اسلامی ایران
ولادت امام موسی کاظم علیه السلام,ولادت امام موسی کاظم علیه السلام
روز جهانی میراث فرهنگی,روز جهانی میراث فرهنگی
روز علوم آزمایشگاهی,روز علوم آزمایشگاهی
درگذشت پی‌یر کوری فیزیکدان فرانسوی,درگذشت پی‌یر کوری فیزیکدان فرانسوی
زادروز گلن سیبورگ دانشمند آمریکایی,زادروز گلن سیبورگ دانشمند آمریکایی
روز بزرگداشت سعدی,روز بزرگداشت سعدی
درگذشت سهراب سپهری شاعر و نقاش ایرانی,درگذشت سهراب سپهری شاعر و نقاش ایرانی
جشن گیاه آوری؛ روز زمین,جشن گیاه آوری؛ روز زمین
زادروز قیصر امین‌پور نویسنده,زادروز قیصر امین‌پور نویسنده
زادروز یاور همدانی,زادروز یاور همدانی
روزبزرگداشت شیخ بهایی؛ روزملی کارآفرینی,روزبزرگداشت شیخ بهایی؛ روزملی کارآفرینی
روز جهانی کتاب و حق نشر,روز جهانی کتاب و حق نشر
آغاز به کار نخستین فرستنده عمومی رادیویی در ایران به نام «رادیو تهران»,آغاز به کار نخستین فرستنده عمومی رادیویی در ایران به نام «رادیو تهران»
زادروز کارل اشپیتلر شاعر سوئیسی آلمانی,زادروز کارل اشپیتلر شاعر سوئیسی آلمانی
درگذشت ماکس فون لائو فیزیک‌دان آلمانی,درگذشت ماکس فون لائو فیزیک‌دان آلمانی
زادروز گولیلمو مارکونی مهندس برق ایتالیایی,زادروز گولیلمو مارکونی مهندس برق ایتالیایی
زادروز جلیل ضیاءپور,زادروز جلیل ضیاءپور
درگذشت بیورنستیرن بیورنسون نویسندهٔ نروژی,درگذشت بیورنستیرن بیورنسون نویسندهٔ نروژی
درگذشت کارل بوش شیمی‌دان و مهندس آلمانی,درگذشت کارل بوش شیمی‌دان و مهندس آلمانی
درگذشت رالف والدو امرسون فیلسوف و نویسندهٔ آمریکایی,درگذشت رالف والدو امرسون فیلسوف و نویسندهٔ آمریکایی
زادروز سیمین دانشور نویسنده و مترجم ایرانی,زادروز سیمین دانشور نویسنده و مترجم ایرانی
روزشوراها,روزشوراها
روز جهانی روانشناس و مشاور,روز جهانی روانشناس و مشاور
درگذشت ذبیح‌الله صفا,درگذشت ذبیح‌الله صفا
جشن چهلم نوروز؛ روز ملی خلیج فارس,جشن چهلم نوروز؛ روز ملی خلیج فارس
زادروز کارل فریدریش گاوس ریاضیدان مشهور آلمانی,زادروز کارل فریدریش گاوس ریاضیدان مشهور آلمانی
روزجهانی  کارگر,روزجهانی  کارگر
انتشار نخستین روزنامه در ایران به نام «کاغذ اخبار» توسط «میرزا صالح شیرازی»,انتشار نخستین روزنامه در ایران به نام «کاغذ اخبار» توسط «میرزا صالح شیرازی»
شهادت استاد مرتضی مطهری,شهادت استاد مرتضی مطهری
درگذشت محمدرضا لطفی,درگذشت محمدرضا لطفی
درگذشت لئوناردو داوینچی,درگذشت لئوناردو داوینچی
زادروز جرج پاجت تامسون فیزیک‌دان انگلیسی,زادروز جرج پاجت تامسون فیزیک‌دان انگلیسی
زادروز آلفرد کاستلر فیزیکدان فرانسوی,زادروز آلفرد کاستلر فیزیکدان فرانسوی
زادروزخواجه عبدالله انصاری,زادروزخواجه عبدالله انصاری
جشن میانه بهار,جشن میانه بهار
روز جهانی ماما,روز جهانی ماما
زادروز غلامحسین بنان,زادروز غلامحسین بنان
تاسوعای حسینی,تاسوعای حسینی
درگذشت حسین منزوی شاعر نامدار ایرانی,درگذشت حسین منزوی شاعر نامدار ایرانی
روز اسناد ملی و میراث مکتوب,روز اسناد ملی و میراث مکتوب
عاشورای حسینی,عاشورای حسینی
رابیندرانات تاگور شاعر,رابیندرانات تاگور شاعر
درگذشت ویلارد بویل فیزیکدان کانادایی,درگذشت ویلارد بویل فیزیکدان کانادایی
روز جهانی صلیب سرخ و هلال احمر,روز جهانی صلیب سرخ و هلال احمر
شهادت  امام زین العابدین علیه السلام,شهادت  امام زین العابدین علیه السلام
درگذشت آلبرت آبراهام مایکلسون فیزیک‌دان آمریکایی,درگذشت آلبرت آبراهام مایکلسون فیزیک‌دان آمریکایی
درگذشت توماس یانگ فیزیک‌دان برجستهٔ انگلیسی,درگذشت توماس یانگ فیزیک‌دان برجستهٔ انگلیسی
نلسون ماندلا,نلسون ماندلا
زادروز فرنگیس یگانگی بنیان‌گذار و نخستین مدیرعامل سازمان صنایع دستی ایران,زادروز فرنگیس یگانگی بنیان‌گذار و نخستین مدیرعامل سازمان صنایع دستی ایران
زادروز مریم میرزاخانی ریاضیدان ایرانی,زادروز مریم میرزاخانی ریاضیدان ایرانی
روز جهانی زن در ریاضیات (به افتخار روز تولد مریم میرزاخانی),روز جهانی زن در ریاضیات (به افتخار روز تولد مریم میرزاخانی)
درگذشت ژوزف هانری دانشمند و فیزیکدان سرشناس آمریکایی,درگذشت ژوزف هانری دانشمند و فیزیکدان سرشناس آمریکایی
زادروز پرویز مشکاتیان آهنگساز,زادروز پرویز مشکاتیان آهنگساز
روز بزرگداشت فردوسی,روز بزرگداشت فردوسی
روز ارتباطات و روابط عمومی,روز ارتباطات و روابط عمومی
زادروز ادوارد جنر,زادروز ادوارد جنر
روز بزرگداشت حکیم عمر خیام,روز بزرگداشت حکیم عمر خیام
روز جهانی موزه و میراث فرهنگی,روز جهانی موزه و میراث فرهنگی
زادروز برتراند راسل ریاضی‌دان,زادروز برتراند راسل ریاضی‌دان
زادروز ناتانیل هاثورن نویسنده آمریکایی,زادروز ناتانیل هاثورن نویسنده آمریکایی
زادروز یوهان گوتلیب فیشته فیلسوف ایدئالیست آلمانی,زادروز یوهان گوتلیب فیشته فیلسوف ایدئالیست آلمانی
زادروز جان استوارت‌میل,زادروز جان استوارت‌میل
درگذشت کریستف کلمب,درگذشت کریستف کلمب
روز بهره وری و بهینه سازی مصرف,روز بهره وری و بهینه سازی مصرف
روز بزرگداشت ملاصدرا,روز بزرگداشت ملاصدرا
زادروز جلیل شهناز,زادروز جلیل شهناز
درگذشت ویکتور هوگو شاعر و رمان‌نویس فرانسوی,درگذشت ویکتور هوگو شاعر و رمان‌نویس فرانسوی
درگذشت هنریک ایبسن شاعر,درگذشت هنریک ایبسن شاعر
فتح خرمشهر در عملیات بیت المقدس و روز مقاومت,فتح خرمشهر در عملیات بیت المقدس و روز مقاومت
روز دزفول,روز دزفول
زادروز ریموند کارور,زادروز ریموند کارور
درگذشت هوشنگ سیحون معمار,درگذشت هوشنگ سیحون معمار
خرداد روز,خرداد روز
پل گلدن گیت,پل گلدن گیت
درگذشت ارنست روسکا فیزیکدان آلمانی,درگذشت ارنست روسکا فیزیکدان آلمانی
زادروز پاتریک وایت نویسنده اهل کشور استرالیا,زادروز پاتریک وایت نویسنده اهل کشور استرالیا
درگذشت ایلیا پریگوژین شیمی فیزیکدان روسی,درگذشت ایلیا پریگوژین شیمی فیزیکدان روسی
زادروز پیتر هیگز فیزیک‌دان انگلیسی,زادروز پیتر هیگز فیزیک‌دان انگلیسی
درگذشت خوآن رامون خیمنس شاعر اسپانیایی,درگذشت خوآن رامون خیمنس شاعر اسپانیایی
درگذشت فرانسوا-ماری آروئه با نام مستعار وُلتر,درگذشت فرانسوا-ماری آروئه با نام مستعار وُلتر
زادروز برایان کبیلکا شیمیدان آمریکایی,زادروز برایان کبیلکا شیمیدان آمریکایی
درگذشت یوزف هایدن,درگذشت یوزف هایدن
درگذشت اواریست گالوا ریاضی‌دان فرانسوی,درگذشت اواریست گالوا ریاضی‌دان فرانسوی
درگذشت هلن کلر,درگذشت هلن کلر
درگذشت جان دیویی فیلسوف آمریکایی قرن بیستم,درگذشت جان دیویی فیلسوف آمریکایی قرن بیستم
زادروز توماس هاردی,زادروز توماس هاردی
زادروز مارکی دو ساد نویسنده و فیلسوف فرانسوی,زادروز مارکی دو ساد نویسنده و فیلسوف فرانسوی
زادروز آلن گینزبرگ شاعر آمریکایی,زادروز آلن گینزبرگ شاعر آمریکایی
رحلت حضرت امام خمینی,رحلت حضرت امام خمینی
درگذشت ماری کوری کاشف پولونیم و رادیوم,درگذشت ماری کوری کاشف پولونیم و رادیوم
درگذشت جاکومو کازانووا نویسنده ایتالیایی,درگذشت جاکومو کازانووا نویسنده ایتالیایی
قیام 1۵ خرداد,قیام 1۵ خرداد
روز جهانی محیط زیست,روز جهانی محیط زیست
درگذشت شیخ بهایی دانشمند عصر صفوی,درگذشت شیخ بهایی دانشمند عصر صفوی
زادروز کارل فردیناند برون مخترع,زادروز کارل فردیناند برون مخترع
درگذشت گرهارد هاوپتمان نمایشنامه‌نویس آلمانی,درگذشت گرهارد هاوپتمان نمایشنامه‌نویس آلمانی
زادروز فیلیپ لنارت فیزیکدان آلمانی مجاری‌تبار,زادروز فیلیپ لنارت فیزیکدان آلمانی مجاری‌تبار
زادروز اورهان پاموک رمان‌نویس اهل کشور ترکیه,زادروز اورهان پاموک رمان‌نویس اهل کشور ترکیه
زادروز فرانسیس کریک,زادروز فرانسیس کریک
درگذشت ژرژ ساند رمان‌نویس,درگذشت ژرژ ساند رمان‌نویس
زادروز برتا سوتنر رمان‌نویس,زادروز برتا سوتنر رمان‌نویس
درگذشت آدولف وینداوس شیمیدان,درگذشت آدولف وینداوس شیمیدان
روز جهانی صنایع دستی,روز جهانی صنایع دستی
زادروز گوستاو کوربه نقاش فرانسوی,زادروز گوستاو کوربه نقاش فرانسوی
زادروز ریشارد اشتراوس,زادروز ریشارد اشتراوس
درگذشت کلمنس ونتسل فون مترنیخ سیاستمدار اتریشی,درگذشت کلمنس ونتسل فون مترنیخ سیاستمدار اتریشی
روز جهانی مبارزه با کار کودکان,روز جهانی مبارزه با کار کودکان
زادروز اگون شیله نقاش اتریشی,زادروز اگون شیله نقاش اتریشی
درگذشت ویلیام نولز شیمیدان آمریکایی,درگذشت ویلیام نولز شیمیدان آمریکایی
زادروز جان فوربز نش ریاضیدان آمریکایی,زادروز جان فوربز نش ریاضیدان آمریکایی
روز جهانی اهدای خون,روز جهانی اهدای خون
روز ملی گل وگیاه,روز ملی گل وگیاه
اربعین حسینی,اربعین حسینی
درگذشت وندل مردیت استنلی بیوشیمیست و ویروس‌شناس آمریکایی,درگذشت وندل مردیت استنلی بیوشیمیست و ویروس‌شناس آمریکایی
زادروز توران میرهادی استاد ادبیات کودک,زادروز توران میرهادی استاد ادبیات کودک
زادروز باربارا مک‌کلینتوک دانشمند آمریکایی,زادروز باربارا مک‌کلینتوک دانشمند آمریکایی
روز جهاد کشاورزی,روز جهاد کشاورزی
روز جهانی بیابان زدایی,روز جهانی بیابان زدایی
درگذشت جلیل شهناز,درگذشت جلیل شهناز
درگذشت پل کارر شیمیدان سوئیسی,درگذشت پل کارر شیمیدان سوئیسی
زادروز چارلز لاورن زیست‌شناس فرانسوی,زادروز چارلز لاورن زیست‌شناس فرانسوی
درگذشت دکتر علی شریعتی,درگذشت دکتر علی شریعتی
زادروز آنگ سان سو چی فعال سیاسی,زادروز آنگ سان سو چی فعال سیاسی
درگذشت ویلیام گلدینگ شاعر و رمان‌نویس بریتانیایی,درگذشت ویلیام گلدینگ شاعر و رمان‌نویس بریتانیایی
درگذشت ژرژ لومتر کشیش و فیزیکدان بلژیکی,درگذشت ژرژ لومتر کشیش و فیزیکدان بلژیکی
شهادت دکتر مصطفی چمران,شهادت دکتر مصطفی چمران
جشن آب پاشونک,جشن آب پاشونک
روز اصناف,روز اصناف
درگذشت ابن سینا فیلسوف,درگذشت ابن سینا فیلسوف
درگذشت غیاث‌الدین جمشید کاشانی ریاضیدان و اخترشناس ایرانی,درگذشت غیاث‌الدین جمشید کاشانی ریاضیدان و اخترشناس ایرانی
رحلت  رسول اکرم؛شهادت امام حسن مجتبی علیه السلام,رحلت  رسول اکرم؛شهادت امام حسن مجتبی علیه السلام
زادروز آلن تورینگ,زادروز آلن تورینگ
درگذشت ابن سینا پزشک و فیلسوف ایرانی,درگذشت ابن سینا پزشک و فیلسوف ایرانی
زادروز فرد هویل ستاره‌شناس بریتانیایی,زادروز فرد هویل ستاره‌شناس بریتانیایی
شهادت امام رضا علیه السلام,شهادت امام رضا علیه السلام
زادروز آنتونیو گائودی کُرنت معمار کاتالان,زادروز آنتونیو گائودی کُرنت معمار کاتالان
روز جهانی مبارزه با مواد مخدر,روز جهانی مبارزه با مواد مخدر
هجرت پیامبر اکرم از مکه به مدینه,هجرت پیامبر اکرم از مکه به مدینه
درگذشت میرزا احمد آشتیانی فقیه,درگذشت میرزا احمد آشتیانی فقیه
زادروز لرد کلوین,زادروز لرد کلوین
درگذشت سوفی ژرمن ریاضی‌دان,درگذشت سوفی ژرمن ریاضی‌دان
انفجار دفتر حزب جمهوری اسلامی و شهادت دکتر بهشتی و ۷۲ نفر از اعضای حزب؛ روز قوه قضاییه,انفجار دفتر حزب جمهوری اسلامی و شهادت دکتر بهشتی و ۷۲ نفر از اعضای حزب؛ روز قوه قضاییه
زادروز ژان پی‌یر اوئل نقاش فرانسوی,زادروز ژان پی‌یر اوئل نقاش فرانسوی
روز مبارزه با سلاح های شیمیایی و میکروبی,روز مبارزه با سلاح های شیمیایی و میکروبی
زادروز آنتوان دو سنت‌اگزوپری نویسنده و خلبان فرانسوی,زادروز آنتوان دو سنت‌اگزوپری نویسنده و خلبان فرانسوی
درگذشت توماس هنری هاکسلی,درگذشت توماس هنری هاکسلی
درگذشت جان استرات,درگذشت جان استرات
روز صنعت و معدن,روز صنعت و معدن
ژان ویکتور پونسله ریاضی‌دان و بنیادگذار هندسه تحلیلی اهل فرانسوی,ژان ویکتور پونسله ریاضی‌دان و بنیادگذار هندسه تحلیلی اهل فرانسوی
درگذشت لویی فردینان سلین نویسنده فرانسوی,درگذشت لویی فردینان سلین نویسنده فرانسوی
درگذشت کیخسرو شاهرخ,درگذشت کیخسرو شاهرخ
درگذشت داگلاس انگلبارت مخترع آمریکایی موشواره,درگذشت داگلاس انگلبارت مخترع آمریکایی موشواره
شهادت امام حسن عسکری علیه السلام,شهادت امام حسن عسکری علیه السلام
شلیک به پرواز ۶۵۵ ایران ایر توسط ناو وینسنس,شلیک به پرواز ۶۵۵ ایران ایر توسط ناو وینسنس
تیر روز,تیر روز
زادروز فرشید مثقالی مجسمه‌ساز,زادروز فرشید مثقالی مجسمه‌ساز
روز قلم,روز قلم
درگذشت آلبرشت کوسل زیست‌شناس آلمانی,درگذشت آلبرشت کوسل زیست‌شناس آلمانی
جشن خام خواری,جشن خام خواری
درگذشت ویلیام فاکنر,درگذشت ویلیام فاکنر
زادروز دالایی لامای چهاردهم,زادروز دالایی لامای چهاردهم
میلاد رسول اکرم به روایت اهل سنت,میلاد رسول اکرم به روایت اهل سنت
زادروز کامیلو گولگی زیست‌شناس ایتالیایی,زادروز کامیلو گولگی زیست‌شناس ایتالیایی
درگذشت یوهانا اشپیری نویسنده داستان‌های کودکان,درگذشت یوهانا اشپیری نویسنده داستان‌های کودکان
درگذشت کارو لوکس,درگذشت کارو لوکس
زادروز پیوتر کاپیتسا فیزیک‌دان روسی مولداوی,زادروز پیوتر کاپیتسا فیزیک‌دان روسی مولداوی
درگذشت ژرژ باتای فیلسوف فرانسوی,درگذشت ژرژ باتای فیلسوف فرانسوی
درگذشت آمادئو آووگادرو دانشمند ایتالیایی,درگذشت آمادئو آووگادرو دانشمند ایتالیایی
زادروز نیکولا تسلا مخترع و فیزیکدان آمریکایی,زادروز نیکولا تسلا مخترع و فیزیکدان آمریکایی
درگذشت یوهان گوتفرید گاله ستاره‌شناس آلمانی,درگذشت یوهان گوتفرید گاله ستاره‌شناس آلمانی
زادروز تئودور میمن فیزیک‌دان آمریکایی و سازندهٔ اولین لیزر در جهان,زادروز تئودور میمن فیزیک‌دان آمریکایی و سازندهٔ اولین لیزر در جهان
درگذشت جوزپه آرچیمبولدو نقاش ایتالیایی,درگذشت جوزپه آرچیمبولدو نقاش ایتالیایی
میلاد رسول اکرم و امام جعفر صادق علیه السلام,میلاد رسول اکرم و امام جعفر صادق علیه السلام
زادروز ملاله یوسف‌زی,زادروز ملاله یوسف‌زی
درگذشت مریم میرزاخانی,درگذشت مریم میرزاخانی
زادروز عباس زریاب خویی,زادروز عباس زریاب خویی
درگذشت مهدی حمیدی شیرازی,درگذشت مهدی حمیدی شیرازی
زادروز گوستاو کلیمت نقاش نمادگرای اتریشی,زادروز گوستاو کلیمت نقاش نمادگرای اتریشی
درگذشت خاسینتو بناونته نمایش‌نامه‌نویس اسپانیایی,درگذشت خاسینتو بناونته نمایش‌نامه‌نویس اسپانیایی
درگذشت آنتون چخوف,درگذشت آنتون چخوف
روز بهزیستی و تامین اجتماعی,روز بهزیستی و تامین اجتماعی
زادروز روئال آمونسن,زادروز روئال آمونسن
درگذشت هاینریش بل نویسنده آلمانی,درگذشت هاینریش بل نویسنده آلمانی
درگذشت آنری پوانکاره ریاضیدان,درگذشت آنری پوانکاره ریاضیدان
اعلام پذیرش قطعنامه ۵۹۸ شورای امنیت از سوی ایران,اعلام پذیرش قطعنامه ۵۹۸ شورای امنیت از سوی ایران
زادروز هندریک لورنتز فیزیکدان هلندی,زادروز هندریک لورنتز فیزیکدان هلندی
زادروز نلسون ماندلا از فعّالان برجستهٔ مخالف آپارتاید در آفریقای جنوبی,زادروز نلسون ماندلا از فعّالان برجستهٔ مخالف آپارتاید در آفریقای جنوبی
زادروز ادگار دگا نقاش فرانسوی,زادروز ادگار دگا نقاش فرانسوی
درگذشت فرانک مک‌کورت نویسندهٔ آمریکایی,درگذشت فرانک مک‌کورت نویسندهٔ آمریکایی
زادروز اریک آکسل کارلفلدت شاعر سوئدی,زادروز اریک آکسل کارلفلدت شاعر سوئدی
درگذشت گولیلمو مارکونی مهندس برق اهل ایتالیا,درگذشت گولیلمو مارکونی مهندس برق اهل ایتالیا
زادروز مارشال مک‌لوهان فیلسوف کانادایی,زادروز مارشال مک‌لوهان فیلسوف کانادایی
زادروز ارنست همینگوی نویسندهٔ آمریکایی,زادروز ارنست همینگوی نویسندهٔ آمریکایی
زادروز گوستاو هرتز فیزیکدان آلمانی,زادروز گوستاو هرتز فیزیکدان آلمانی
درگذشت کارل سندبرگ شاعر,درگذشت کارل سندبرگ شاعر
درگذشت دیوید وارک گریفیث,درگذشت دیوید وارک گریفیث
درگذشت ویلیام رمزی شیمیدان اسکاتلندی,درگذشت ویلیام رمزی شیمیدان اسکاتلندی
زادروز هنریک پونتوپیدان نویسنده دانمارکی,زادروز هنریک پونتوپیدان نویسنده دانمارکی
درگذشت ایزاک بشویس سینگر داستان‌نویس آمریکایی,درگذشت ایزاک بشویس سینگر داستان‌نویس آمریکایی
زادروز الیاس کانتی رمان‌نویس سوئیسی,زادروز الیاس کانتی رمان‌نویس سوئیسی
افتتاح بزرگترین پالایشگاه نفت سنگین جهان در بندرعباس,افتتاح بزرگترین پالایشگاه نفت سنگین جهان در بندرعباس
زادروز جرج برنارد شاو,زادروز جرج برنارد شاو
درگذشت گوتلوب فرگه ریاضیدان,درگذشت گوتلوب فرگه ریاضیدان
زادروز یوهان برنولی ریاضیدان اهل سوییس,زادروز یوهان برنولی ریاضیدان اهل سوییس
روز ترویج آموزش های فنی و حرفه ای,روز ترویج آموزش های فنی و حرفه ای
مرداد روز,مرداد روز
درگذشت ونسان ون گوگ نقاش هلندی,درگذشت ونسان ون گوگ نقاش هلندی
روز بزرگداشت شیخ شهاب الدین سهروردی,روز بزرگداشت شیخ شهاب الدین سهروردی
سالروز اهدای خون در ایران,سالروز اهدای خون در ایران
جشن چله تابستان,جشن چله تابستان
ولادت امام حسن عسکری علیه السلام,ولادت امام حسن عسکری علیه السلام
آغاز هفته جهانی شیردهی,آغاز هفته جهانی شیردهی
زادروز ژان باتیست لامارک زیست‌شناس فرانسوی,زادروز ژان باتیست لامارک زیست‌شناس فرانسوی
درگذشت الکساندر گراهام بل دانشمند بریتانیایی,درگذشت الکساندر گراهام بل دانشمند بریتانیایی
درگذشت ریموند کِلِوی کاروِر جونیور نویسندهٔ داستان‌های کوتاه و شاعر آمریکایی,درگذشت ریموند کِلِوی کاروِر جونیور نویسندهٔ داستان‌های کوتاه و شاعر آمریکایی
وفات حضرت معصومه سلام الله علیها,وفات حضرت معصومه سلام الله علیها
درگذشت ریچارد ویلشتتر شیمیدان آلمانی,درگذشت ریچارد ویلشتتر شیمیدان آلمانی
درگذشت آلکساندر سولژنیتسین نویسندهٔ روس,درگذشت آلکساندر سولژنیتسین نویسندهٔ روس
صدور فرمان مشروطیت,صدور فرمان مشروطیت
برگزاری اولین کنکور در ایران,برگزاری اولین کنکور در ایران
زادروز نیل آرمسترانگ,زادروز نیل آرمسترانگ
زادروز الکساندر فلمینگ دانشمند انگلیسی,زادروز الکساندر فلمینگ دانشمند انگلیسی
درگذشت تئودور آدورنو جامعه‌شناس,درگذشت تئودور آدورنو جامعه‌شناس
زادروز الینور اوستروم دانشمند آمریکایی,زادروز الینور اوستروم دانشمند آمریکایی
روز خبرنگار,روز خبرنگار
درگذشت نویل فرانسیس مات فیزیکدان انگلیسی,درگذشت نویل فرانسیس مات فیزیکدان انگلیسی
زادروز ژان پیاژه روان‌شناس,زادروز ژان پیاژه روان‌شناس
درگذشت هرمان هسه نویسنده و نقاش آلمانی,درگذشت هرمان هسه نویسنده و نقاش آلمانی
درگذشت میشل هایدن آهنگساز موسیقی اهل اتریش,درگذشت میشل هایدن آهنگساز موسیقی اهل اتریش
زادروز استیو وزنیاک مهندس کامپیوتر,زادروز استیو وزنیاک مهندس کامپیوتر
درگذشت مکس تیلر ویروس‌شناس آفریقای جنوبی آمریکایی,درگذشت مکس تیلر ویروس‌شناس آفریقای جنوبی آمریکایی
درگذشت توماس مان نویسندهٔ آلمانی,درگذشت توماس مان نویسندهٔ آلمانی
زادروز خاسینتو بناونته نمایش‌نامه‌نویس اسپانیایی,زادروز خاسینتو بناونته نمایش‌نامه‌نویس اسپانیایی
روز جهانی چپ دست ها,روز جهانی چپ دست ها
زادروز فیدل کاسترو,زادروز فیدل کاسترو
زادروز جان گالزورثی نویسنده و نمایشنامه نویس انگلیسی,زادروز جان گالزورثی نویسنده و نمایشنامه نویس انگلیسی
درگذشت پل ساباتیه شیمیدان فرانسوی,درگذشت پل ساباتیه شیمیدان فرانسوی
زادروز ناپلئون بناپارت,زادروز ناپلئون بناپارت
زادروز لویی دوبروی فیزیک‌دان فرانسوی,زادروز لویی دوبروی فیزیک‌دان فرانسوی
درگذشت ایروینگ لانگمویر شیمی‌دان و فیزیک‌دان آمریکایی,درگذشت ایروینگ لانگمویر شیمی‌دان و فیزیک‌دان آمریکایی
سالروز ورود آزادگانِ سرافراز به وطن,سالروز ورود آزادگانِ سرافراز به وطن
زادروز هرتا مولر نویسنده,زادروز هرتا مولر نویسنده
زادروز وی. اس. نایپل رمان‌نویس و مقاله‌نویس هندو ترینیدادی‌تبار بریتانیایی,زادروز وی. اس. نایپل رمان‌نویس و مقاله‌نویس هندو ترینیدادی‌تبار بریتانیایی
سالروز وقایع ۲۸ مرداد و برکناری دکتر محمد مصدق,سالروز وقایع ۲۸ مرداد و برکناری دکتر محمد مصدق
سالروز فاجعه آتش زدن سینما رکس آبادان,سالروز فاجعه آتش زدن سینما رکس آبادان
روز جهانی عکاسی,روز جهانی عکاسی
درگذشت لینوس پاولینگ دانشمند آمریکایی,درگذشت لینوس پاولینگ دانشمند آمریکایی
آغاز به کار نخسین جشنواره فیلم کن در شهر کن فرانسه با رقابت ۱۱ فیلم برای کسب نخل طلایی,آغاز به کار نخسین جشنواره فیلم کن در شهر کن فرانسه با رقابت ۱۱ فیلم برای کسب نخل طلایی
درگذشت آدولف فون بایر شیمی‌دان آلمانی,درگذشت آدولف فون بایر شیمی‌دان آلمانی
درگذشت پل الریخ,درگذشت پل الریخ
روز پزشک,روز پزشک
زادروز ابن سینا پزشک و شاعر و از مشهورترین و تاثیرگذارترینِ فیلسوفان و دانشمندان ایران‌زمین,زادروز ابن سینا پزشک و شاعر و از مشهورترین و تاثیرگذارترینِ فیلسوفان و دانشمندان ایران‌زمین
درگذشت روژه مارتن دوگار نویسندهٔ فرانسوی,درگذشت روژه مارتن دوگار نویسندهٔ فرانسوی
روز بزرگداشت ابوعلی سینا و روز پزشک,روز بزرگداشت ابوعلی سینا و روز پزشک
درگذشت جان کندرو بیوشیمیست انگلیسی,درگذشت جان کندرو بیوشیمیست انگلیسی
آغاز هفته دولت,آغاز هفته دولت
زادروز پائولو کوئلیو نویسنده برزیلی,زادروز پائولو کوئلیو نویسنده برزیلی
زادروز ژان اگوست دومینیک انگر,زادروز ژان اگوست دومینیک انگر
زادروز داراب (کوروش),زادروز داراب (کوروش)
شهریور روز,شهریور روز
روز کارمند,روز کارمند
زادروز آنتوان لاووازیه,زادروز آنتوان لاووازیه
روز بزرگداشت محمدبن زکریای رازی و روز داروساز,روز بزرگداشت محمدبن زکریای رازی و روز داروساز
درگذشت چزاره پاوزه رمان نویس,درگذشت چزاره پاوزه رمان نویس
درگذشت چزاره پاوزه رمان نویس,درگذشت چزاره پاوزه رمان نویس
درگذشت لوکوربوزیه معمار,درگذشت لوکوربوزیه معمار
درگذشت لوکوربوزیه معمار,درگذشت لوکوربوزیه معمار
ولادت حضرت زینب سلام الله علیها و روز پرستار و بهورز,ولادت حضرت زینب سلام الله علیها و روز پرستار و بهورز
زادروز یوهان ولفگانگ گوته شاعر,زادروز یوهان ولفگانگ گوته شاعر
درگذشت ملوین شوارتز فیزیک‌دان آمریکایی,درگذشت ملوین شوارتز فیزیک‌دان آمریکایی
انفجار در دفتر نخست‌وزیری جمهوری اسلامی ایران,انفجار در دفتر نخست‌وزیری جمهوری اسلامی ایران
تولد ارنست رادفورد,تولد ارنست رادفورد
درگذشت علامه حلی از علمای شیعه قرن هشتم قمری,درگذشت علامه حلی از علمای شیعه قرن هشتم قمری
درگذشت ویلهلم وونت پزشک,درگذشت ویلهلم وونت پزشک
امضای معاهده تقسیم ایران بین روسیه و انگلیس,امضای معاهده تقسیم ایران بین روسیه و انگلیس
روزصنعت چاپ,روزصنعت چاپ
وقوع زلزله بویین زهرا و مرگ بیش از ۲۵ هزار نفر,وقوع زلزله بویین زهرا و مرگ بیش از ۲۵ هزار نفر
وقوع آتش سوزی بزرگ لندن,وقوع آتش سوزی بزرگ لندن
درگذشت محمود حسابی فیزیکدان,درگذشت محمود حسابی فیزیکدان
روز بزرگداشت ابوریحان بیرونی,روز بزرگداشت ابوریحان بیرونی
روز تعاون,روز تعاون
زادروز ویلیام باتلر ییتس نویسنده و شاعر ایرلندی و برنده جایزه ادبیات نوبل,زادروز ویلیام باتلر ییتس نویسنده و شاعر ایرلندی و برنده جایزه ادبیات نوبل
زادروز ابوریحان بیرونی دانشمند بزرگ,زادروز ابوریحان بیرونی دانشمند بزرگ
درگذشت رودولف فیرخو پزشک,درگذشت رودولف فیرخو پزشک
زادروز ادوارد ویکتور اپلتون فیزیک‌دان انگلیسی,زادروز ادوارد ویکتور اپلتون فیزیک‌دان انگلیسی
درگذشت سولی پرودوم شاعر فرانسوی,درگذشت سولی پرودوم شاعر فرانسوی
درگذشت ادوین مک‌میلان فیزیکدان آمریکایی,درگذشت ادوین مک‌میلان فیزیکدان آمریکایی
قیام 1۷ شهریور,قیام 1۷ شهریور
زادروز فردریک میسترال نویسندهٔ فرانسوی,زادروز فردریک میسترال نویسندهٔ فرانسوی
درگذشت جلال آل احمد روشنفکر دینی,درگذشت جلال آل احمد روشنفکر دینی
درگذشت علینقی وزیری,درگذشت علینقی وزیری
درگذشت ژاک لاکان پزشک,درگذشت ژاک لاکان پزشک
درگذشت آیت الله سید محمود طالقانی,درگذشت آیت الله سید محمود طالقانی
روز جهانی پیشگیری از خودکشی,روز جهانی پیشگیری از خودکشی
درگذشت مری ولستون‌کرافت نویسندهٔ انگلیسی,درگذشت مری ولستون‌کرافت نویسندهٔ انگلیسی
حمله به برج‌های دوقلوی مرکز تجارت جهانی,حمله به برج‌های دوقلوی مرکز تجارت جهانی
درگذشت محمدعلی جناح بنیانگذار کشور پاکستان,درگذشت محمدعلی جناح بنیانگذار کشور پاکستان
روز سینما,روز سینما
روز گرامیداشت برنامه نویسان,روز گرامیداشت برنامه نویسان
درگذشت جانی کش خواننده,درگذشت جانی کش خواننده
درگذشت نورمن بورلاگ دانشمند آمریکایی,درگذشت نورمن بورلاگ دانشمند آمریکایی
کشته شدن شیخ محمد خیابانی از فعالان سیاسی در دوره انقلاب مشروطه ایران,کشته شدن شیخ محمد خیابانی از فعالان سیاسی در دوره انقلاب مشروطه ایران
سفر انوشه انصاری به‌عنوان اولین زن گردشگر فضایی به دور مدار زمین,سفر انوشه انصاری به‌عنوان اولین زن گردشگر فضایی به دور مدار زمین
درگذشت هانیبال الخاص,درگذشت هانیبال الخاص
انتخاب تئودور روزولت از حزب جمهوری‌خواه به عنوان بیست و ششمین رئیس جمهور ایالات متحده در پی ترور ویلیام مک کینلی,انتخاب تئودور روزولت از حزب جمهوری‌خواه به عنوان بیست و ششمین رئیس جمهور ایالات متحده در پی ترور ویلیام مک کینلی
زادروز ایوان پاولف روان‌شناس روس,زادروز ایوان پاولف روان‌شناس روس
اعدام صادق قطب‌زاده,اعدام صادق قطب‌زاده
ثبت دامنه اینترنتی جست‌وجوگر گوگل (google.com) پربازدیدترین وب سایت جهان,ثبت دامنه اینترنتی جست‌وجوگر گوگل (google.com) پربازدیدترین وب سایت جهان
زادروز مارکو پولو,زادروز مارکو پولو
درگذشت عبدالحسین زرین‌کوب خوانساری,درگذشت عبدالحسین زرین‌کوب خوانساری
درگذشت اوریانا فالاچی,درگذشت اوریانا فالاچی
زادروز موری گل مان فیزیکدان آمریکایی,زادروز موری گل مان فیزیکدان آمریکایی
زمین لرزه طبس به قدرت ۷,زمین لرزه طبس به قدرت ۷
درگذشت ژان پیاژه روان‌شناس,درگذشت ژان پیاژه روان‌شناس
برگزاری انتخابات دوره نخست مجلس شورای ملی,برگزاری انتخابات دوره نخست مجلس شورای ملی
درگذشت رونالد راس زیست‌شناس انگلیسی,درگذشت رونالد راس زیست‌شناس انگلیسی
لغو عهدنامه ۱۹۷۵ الجزایر توسط صدام حسین,لغو عهدنامه ۱۹۷۵ الجزایر توسط صدام حسین
زادروز برنهارت ریمان ریاضی‌دان آلمانی,زادروز برنهارت ریمان ریاضی‌دان آلمانی
درگذشت کارل پوپر فیلسوف ونویسندهٔ انگلیسی,درگذشت کارل پوپر فیلسوف ونویسندهٔ انگلیسی
سالروز ترور میکونوس در شهر برلین,سالروز ترور میکونوس در شهر برلین
روز شعر و ادب پارسی و  روز بزرگداشت استاد شهریار,روز شعر و ادب پارسی و  روز بزرگداشت استاد شهریار
سالروز تأسیس روزنامه نیویورک تایمز,سالروز تأسیس روزنامه نیویورک تایمز
درگذشت سید محمدحسین شهریار شاعر نامدار ایرانی,درگذشت سید محمدحسین شهریار شاعر نامدار ایرانی
درگذشت ایتالو کالوینو نویسنده,درگذشت ایتالو کالوینو نویسنده
زادروز ویلیام گلدینگ شاعر و رمان‌نویس بریتانیایی,زادروز ویلیام گلدینگ شاعر و رمان‌نویس بریتانیایی
محاصره اورشلیم یا بیت‌المُقَّدَس توسط صلاح‌الدین ایوبی بنیان‌گذار دودمان ایوبیان,محاصره اورشلیم یا بیت‌المُقَّدَس توسط صلاح‌الدین ایوبی بنیان‌گذار دودمان ایوبیان
تأسیس مجمع ملی فرانسه در هنگامه‌ی انقلاب فرانسه که نقش مجلس مؤسسان قانون اساسی و قانون‌گذاری را به عهده داشت.,تأسیس مجمع ملی فرانسه در هنگامه‌ی انقلاب فرانسه که نقش مجلس مؤسسان قانون اساسی و قانون‌گذاری را به عهده داشت.
روز گفتگوی تمدنها,روز گفتگوی تمدنها
روز جهانی صلح,روز جهانی صلح
درگذشت آرتور شوپنهاور فیلسوف آلمانی,درگذشت آرتور شوپنهاور فیلسوف آلمانی
استقلال جمهوری ارمنستان از اتحاد جماهیر شوروی,استقلال جمهوری ارمنستان از اتحاد جماهیر شوروی
زادروز فریدون مشیری  شاعر ایرانی,زادروز فریدون مشیری  شاعر ایرانی
زادروز لئونارد کوهن شاعر,زادروز لئونارد کوهن شاعر
درگذشت ویرژیل شاعر روم باستان و خالق منظومه حماسی و ملی انه‌اید,درگذشت ویرژیل شاعر روم باستان و خالق منظومه حماسی و ملی انه‌اید
درگذشت پرویز مشکاتیان موسیقی‌دان و نوازنده ایرانی,درگذشت پرویز مشکاتیان موسیقی‌دان و نوازنده ایرانی
زادروز هایک کامرلینگ اونس فیزیکدان هلندی,زادروز هایک کامرلینگ اونس فیزیکدان هلندی
آغاز هفته دفاع مقدس,آغاز هفته دفاع مقدس
اعلام موجودیت جمهوری اول فرانسه,اعلام موجودیت جمهوری اول فرانسه
صدور اعلامیه آزادی بردگان در ایالات متحده آمریکا,صدور اعلامیه آزادی بردگان در ایالات متحده آمریکا
زادروز مایکل فارادی فیزیکدان و شیمیدان انگلیسی,زادروز مایکل فارادی فیزیکدان و شیمیدان انگلیسی
زادروز پرویز یاحقی,زادروز پرویز یاحقی
زادروز آندریا بوچلی خواننده‌ی ایتالیایی,زادروز آندریا بوچلی خواننده‌ی ایتالیایی
زادروز قوبلای خان پنجمین خانِ بزرگ امپراتوری مغول,زادروز قوبلای خان پنجمین خانِ بزرگ امپراتوری مغول
زادروز محمدرضا شجریان خواننده,زادروز محمدرضا شجریان خواننده
زادروز حسین منزوی شاعر ایرانی,زادروز حسین منزوی شاعر ایرانی
نپتون هشتمین سیاره سامانه خورشیدی,نپتون هشتمین سیاره سامانه خورشیدی
درگذشت زیگموند فروید عصب‌شناس اتریشی و پایه‌گذار مکتب روان‌کاوی,درگذشت زیگموند فروید عصب‌شناس اتریشی و پایه‌گذار مکتب روان‌کاوی
آغاز حمله مغول به ایران در پاییز ۵۹۸ خورشیدی,آغاز حمله مغول به ایران در پاییز ۵۹۸ خورشیدی
شهادت حضرت فاطمه زهرا سلام الله علیها,شهادت حضرت فاطمه زهرا سلام الله علیها
هوندا شرکت بزرگ ژاپنی تولیدکنندهٔ موتورسیکلت و بعدها خودرو,هوندا شرکت بزرگ ژاپنی تولیدکنندهٔ موتورسیکلت و بعدها خودرو
نیوکمپ,نیوکمپ
درگذشت میرزا تورسون‌زاده قهرمان ملی ,درگذشت میرزا تورسون‌زاده قهرمان ملی 
زادروز پدرو آلمودوار کارگردان,زادروز پدرو آلمودوار کارگردان
زادروز ویلیام فاکنر نویسندهٔ آمریکایی,زادروز ویلیام فاکنر نویسندهٔ آمریکایی
انحلال حزب رستاخیز,انحلال حزب رستاخیز
درگذشت اریش ماریا رمارک نویسندهٔ آلمانی,درگذشت اریش ماریا رمارک نویسندهٔ آلمانی
ارائه نظریه نسبیت خاص توسط آلبرت انیشتین,ارائه نظریه نسبیت خاص توسط آلبرت انیشتین
زادروز ایوان پاولف عصب‌شناس,زادروز ایوان پاولف عصب‌شناس
زادروز تی. اس. الیوت شاعر,زادروز تی. اس. الیوت شاعر
زادروز مارتین هایدگر فیلسوف آلمانی,زادروز مارتین هایدگر فیلسوف آلمانی
نخستین پرواز هواپیمای پهن پیکر بوئینگ ۷۶۷,نخستین پرواز هواپیمای پهن پیکر بوئینگ ۷۶۷
تأسیس باشگاه فوتبال استقلال (تاج),تأسیس باشگاه فوتبال استقلال (تاج)
روز جهانی جهانگردی,روز جهانی جهانگردی
فرمول «هم‌ارزی جرم و انرژی» (E=mc۲) یکی از مشهورترین معادله‌ها در علم فیزیک,فرمول «هم‌ارزی جرم و انرژی» (E=mc۲) یکی از مشهورترین معادله‌ها در علم فیزیک
در جریان جنگ جهانی دوم و حمله نیروهای آلمان نازی به ورشو پایتخت لهستان,در جریان جنگ جهانی دوم و حمله نیروهای آلمان نازی به ورشو پایتخت لهستان
طالبان با تصرف کابل پایتخت افغانستان,طالبان با تصرف کابل پایتخت افغانستان
اعدام سید مهدی هاشمی به جرم توطئه علیه نظام و بانی فاش ساختن رسوایی ایران-کنترا,اعدام سید مهدی هاشمی به جرم توطئه علیه نظام و بانی فاش ساختن رسوایی ایران-کنترا
تصویب قانون اساسی جمهوری پنجم فرانسه,تصویب قانون اساسی جمهوری پنجم فرانسه
درگذشت جمال عبدالناصر رئیس‌جمهور مصر از ۱۹۵۶ تا هنگام مرگ,درگذشت جمال عبدالناصر رئیس‌جمهور مصر از ۱۹۵۶ تا هنگام مرگ
درگذشت ادوین هابل دانشمند اخترشناس آمریکایی,درگذشت ادوین هابل دانشمند اخترشناس آمریکایی
زادروز کنفوسیوس مشهورترین آموزگار,زادروز کنفوسیوس مشهورترین آموزگار
درگذشت لویی پاستور شیمی‌دان و زیست‌شناس مشهورفرانسوی,درگذشت لویی پاستور شیمی‌دان و زیست‌شناس مشهورفرانسوی
روز آتش نشانی و ایمنی,روز آتش نشانی و ایمنی
سقوط هواپیمای حامل جمعی از فرماندهان جنگ (کلاهدوز,سقوط هواپیمای حامل جمعی از فرماندهان جنگ (کلاهدوز
تأسیس اسکاتلندیارد,تأسیس اسکاتلندیارد
زادروز میگل دِ سِروانتِس رمان‌نویس,زادروز میگل دِ سِروانتِس رمان‌نویس
درگذشت رودلف دیزل مخترع و مهندس مکانیک آلمانی,درگذشت رودلف دیزل مخترع و مهندس مکانیک آلمانی
درگذشت امیل زولا نویسندهٔ فرانسوی,درگذشت امیل زولا نویسندهٔ فرانسوی
زادروز انریکو فرمی فیزیکدان آمریکایی,زادروز انریکو فرمی فیزیکدان آمریکایی
روزبزرگداشت مولوی,روزبزرگداشت مولوی
روز جهانی ناشنوایان,روز جهانی ناشنوایان
روز جهانی ترجمه و مترجم,روز جهانی ترجمه و مترجم
درگذشت جیمز دین بازیگر آمریکایی,درگذشت جیمز دین بازیگر آمریکایی
سالروز «قتل عام بابی یار» و کشتار ۳۳٬۷۷۱ یهودی به‌دست یک واحد ویژهٔ «اس اس» آلمان نازی در دره ای به نام «بابی یار» در حد فاصل شمالی شهر کی‌اف در اوکراین,سالروز «قتل عام بابی یار» و کشتار ۳۳٬۷۷۱ یهودی به‌دست یک واحد ویژهٔ «اس اس» آلمان نازی در دره ای به نام «بابی یار» در حد فاصل شمالی شهر کی‌اف در اوکراین
زادروز ژان باپتیست پرَن فیزیکدان فرانسوی,زادروز ژان باپتیست پرَن فیزیکدان فرانسوی
درگذشت چارلز فرانسیس ریشتر زلزله شناس آمریکایی,درگذشت چارلز فرانسیس ریشتر زلزله شناس آمریکایی
روز جهانی سالمندان,روز جهانی سالمندان
پیروزی اسکندر مقدونی در نبرد گوگمل و شکست شاه ایران,پیروزی اسکندر مقدونی در نبرد گوگمل و شکست شاه ایران
انتخاب فرانسیسکو فرانکو به سمت رهبری رژیم ناسیونالیست اسپانیا و آغاز جنگ داخلی اسپانیا,انتخاب فرانسیسکو فرانکو به سمت رهبری رژیم ناسیونالیست اسپانیا و آغاز جنگ داخلی اسپانیا
تأسیس جمهوری خلق چین توسط مائو تسه‌تونگ,تأسیس جمهوری خلق چین توسط مائو تسه‌تونگ
اعدام خسرو قشقایی به اتهام مبارزه مسلحانه علیه جمهوری اسلامی در فیروزآباد فارس,اعدام خسرو قشقایی به اتهام مبارزه مسلحانه علیه جمهوری اسلامی در فیروزآباد فارس
اعلام حکم دادگاه نورنبرگ پس از خاتمه جنگ جهانی دوم و محکوم کردن ۱۲ افسر آلمان نازی به جرم جنایت علیه بشریت,اعلام حکم دادگاه نورنبرگ پس از خاتمه جنگ جهانی دوم و محکوم کردن ۱۲ افسر آلمان نازی به جرم جنایت علیه بشریت
قتل عبدالحسین تیمورتاش,قتل عبدالحسین تیمورتاش
مهر روز,مهر روز
تأسیس حزب توده ایران,تأسیس حزب توده ایران
زادروز ماهاتما گاندی,زادروز ماهاتما گاندی
زادروز ویلیام رمزی شیمیدان اسکاتلندی,زادروز ویلیام رمزی شیمیدان اسکاتلندی
درگذشت سوانت آرنیوس شیمیدان سوئدی,درگذشت سوانت آرنیوس شیمیدان سوئدی
آغاز به کار نخستین فرستنده تلویزیون ایران,آغاز به کار نخستین فرستنده تلویزیون ایران
بازگشت چارلز داروین,بازگشت چارلز داروین
در طی نشست لوکا,در طی نشست لوکا
گشایش ساختمان تازه آرامگاه فردوسی شاعر بلندآوازه‌ی ایران,گشایش ساختمان تازه آرامگاه فردوسی شاعر بلندآوازه‌ی ایران
قرارگرفتن اسپوتنیک ۱,قرارگرفتن اسپوتنیک ۱
درگذشت ماکس پلانک فیزیک‌دان آلمانی و پدر نظریهٔ کوانتوم,درگذشت ماکس پلانک فیزیک‌دان آلمانی و پدر نظریهٔ کوانتوم
درگذشت نورمن ویزدوم هنرپیشه و کمدین معروف انگلیسی,درگذشت نورمن ویزدوم هنرپیشه و کمدین معروف انگلیسی
روز نیروی انتظامی,روز نیروی انتظامی
روز جهانی معلم,روز جهانی معلم
آغاز جمهوری پنجم فرانسه و جایگزینی نظام پارلمانیِ جمهوری چهارم با به نظام ریاستی,آغاز جمهوری پنجم فرانسه و جایگزینی نظام پارلمانیِ جمهوری چهارم با به نظام ریاستی
درگذشت استیو جابز بنیانگذار و رئیس پیشین شرکت اپل,درگذشت استیو جابز بنیانگذار و رئیس پیشین شرکت اپل
استعفای «اسلوبودان میلوشویچ» رئیس جمهور وقت صربستان در جریان انقلاب پنجم اکتبر,استعفای «اسلوبودان میلوشویچ» رئیس جمهور وقت صربستان در جریان انقلاب پنجم اکتبر
زادروز واتسلاو هاول نویسنده و اولین رئیس جمهور جمهوری چک,زادروز واتسلاو هاول نویسنده و اولین رئیس جمهور جمهوری چک
درگذشت فریدون فروغی آهنگ‌ساز,درگذشت فریدون فروغی آهنگ‌ساز
روز دامپزشکی,روز دامپزشکی
ترور محمد انور سادات,ترور محمد انور سادات
آغاز جنگ یوم کیپور و حمله ارتش‌های مصر و سوریه از دو جبهه به اسرائیل,آغاز جنگ یوم کیپور و حمله ارتش‌های مصر و سوریه از دو جبهه به اسرائیل
تأسیس انجمن جهانی قلم در لندن,تأسیس انجمن جهانی قلم در لندن
افتتاح کاباره پرآوازه‌ی «مولن‌روژ» در پاریس,افتتاح کاباره پرآوازه‌ی «مولن‌روژ» در پاریس
زادروز ولادیمیر پوتین دومین رئیس جمهور کشور روسیه بعد از فروپاشی اتحاد جماهیر شوروی,زادروز ولادیمیر پوتین دومین رئیس جمهور کشور روسیه بعد از فروپاشی اتحاد جماهیر شوروی
زادروز هاینریش هیملر فرمانده اِس اِس و از مردان مقتدر آلمان نازی و مسئول اصلی هولوکاست,زادروز هاینریش هیملر فرمانده اِس اِس و از مردان مقتدر آلمان نازی و مسئول اصلی هولوکاست
حمله‌ی ارتش ایالات متحده آمریکا به افغانستان با هدف براندازی حکومت طالبان و دستگیری اعضای القاعده,حمله‌ی ارتش ایالات متحده آمریکا به افغانستان با هدف براندازی حکومت طالبان و دستگیری اعضای القاعده
روز ملی کودک,روز ملی کودک
آتش‌سوزی بزرگ شهر شیکاگو و سوختن ۱۷٬۴۵۰ خانه با ۲۵۰ تن کشته و ۹۰٬۰۰۰ نفر بی‌خانمان,آتش‌سوزی بزرگ شهر شیکاگو و سوختن ۱۷٬۴۵۰ خانه با ۲۵۰ تن کشته و ۹۰٬۰۰۰ نفر بی‌خانمان
اعلان جنگ کشور مونته نگرو به امپراتوری عثمانی و آغاز جنگ اول بالکان,اعلان جنگ کشور مونته نگرو به امپراتوری عثمانی و آغاز جنگ اول بالکان
زادروز اتو واربورگ زیست‌شناس آلمانی,زادروز اتو واربورگ زیست‌شناس آلمانی
روز جهانی پست,روز جهانی پست
اعدام ارنستو چه‌گوارا توسط سربازان ارتش بولیوی به جرم تحریک برای برپایی یک انقلاب در بولیوی,اعدام ارنستو چه‌گوارا توسط سربازان ارتش بولیوی به جرم تحریک برای برپایی یک انقلاب در بولیوی
اعطای جایزه نوبل صلح به آندره ساخاروف دانشمند شوروی و معروف به «پدر بمب هیدروژنی»,اعطای جایزه نوبل صلح به آندره ساخاروف دانشمند شوروی و معروف به «پدر بمب هیدروژنی»
نخستین انتخابات ریاست جمهوری مردم افغانستان پس از سقوط حکومت طالبان,نخستین انتخابات ریاست جمهوری مردم افغانستان پس از سقوط حکومت طالبان
زادروز جان لنون خواننده,زادروز جان لنون خواننده
زادروز هرمان امیل فیشر شیمیدان آلمانی,زادروز هرمان امیل فیشر شیمیدان آلمانی
زادروز ماکس فون لائو فیزیک‌دان آلمانی,زادروز ماکس فون لائو فیزیک‌دان آلمانی
روز جهانی مبارزه با حکم اعدام,روز جهانی مبارزه با حکم اعدام
استقلال کشور فیجی از انگلستان,استقلال کشور فیجی از انگلستان
درگذشت اورسن ولز کارگردان,درگذشت اورسن ولز کارگردان
کشف تریتون,کشف تریتون
ولادت حضرت فاطمه زهرا سلام الله علیها و روز مادر,ولادت حضرت فاطمه زهرا سلام الله علیها و روز مادر
روز جهانی دختر,روز جهانی دختر
نخستین مأموریت همراه با آدم برنامه آپولو ناسا  از پایگاه پرتاب ۳۴ در دماغه کاناورال ایالت فلوریدا در ایالات متحده آمریکا,نخستین مأموریت همراه با آدم برنامه آپولو ناسا  از پایگاه پرتاب ۳۴ در دماغه کاناورال ایالت فلوریدا در ایالات متحده آمریکا
گشایش دانشگاه سیدنی,گشایش دانشگاه سیدنی
زادروز آمیتاب باچان بازیگر,زادروز آمیتاب باچان بازیگر
درگذشت جیمز ژول فیزیکدان انگلیسی,درگذشت جیمز ژول فیزیکدان انگلیسی
روز بزرگداشت حافظ,روز بزرگداشت حافظ
درگذشت دنیس ریچی  نویسنده زبان برنامه‌نویسی C و سیستم عامل UNIX,درگذشت دنیس ریچی  نویسنده زبان برنامه‌نویسی C و سیستم عامل UNIX
زادروز لوچیانو پاواروتی خوانندهٔ اپرا اهل ایتالیا,زادروز لوچیانو پاواروتی خوانندهٔ اپرا اهل ایتالیا
افتتاحیه بازی‌های المپیک تابستانی ۱۹۶۸ مکزیکوسیتی,افتتاحیه بازی‌های المپیک تابستانی ۱۹۶۸ مکزیکوسیتی
جشن پیروزی کاوه و فریدون,جشن پیروزی کاوه و فریدون
شروع ساخت کاخ سفید,شروع ساخت کاخ سفید
زادروز مارگارت تاچر نخست وزیر پادشاهی متحده بریتانیا و ایرلند شمالی بین سال‌های ۱۹۷۹ تا ۱۹۹۰ میلادی,زادروز مارگارت تاچر نخست وزیر پادشاهی متحده بریتانیا و ایرلند شمالی بین سال‌های ۱۹۷۹ تا ۱۹۹۰ میلادی
تأسیس تووا یکی از جمهوری‌های خودمختار روسیه در جنوب سیبری,تأسیس تووا یکی از جمهوری‌های خودمختار روسیه در جنوب سیبری
روز جهانی استاندارد,روز جهانی استاندارد
شکستن دیوار صوتی توسط یک خلبان آمریکایی برای نخستین بار با سرعتی بیشتر از سرعت صوت,شکستن دیوار صوتی توسط یک خلبان آمریکایی برای نخستین بار با سرعتی بیشتر از سرعت صوت
درگذشت اروین رومل فرماندهٔ نیروهای آلمانی,درگذشت اروین رومل فرماندهٔ نیروهای آلمانی
ورود رسمی بلغارستان به جنگ جهانی اول به طرفداری از آلمان و اتریش,ورود رسمی بلغارستان به جنگ جهانی اول به طرفداری از آلمان و اتریش
روز جهانی عصای سفید,روز جهانی عصای سفید
پرتاب نخستین فضاپیمای سرنشین دار چین به فضا بنام «شنزو ۵»,پرتاب نخستین فضاپیمای سرنشین دار چین به فضا بنام «شنزو ۵»
زادروز فریدریش نیچه دانش‌پژوه و فیلسوف آلمانی,زادروز فریدریش نیچه دانش‌پژوه و فیلسوف آلمانی
درگذشت آندرئاس وزالیوس پزشک برجستهٔ بلژیکی,درگذشت آندرئاس وزالیوس پزشک برجستهٔ بلژیکی
زادروز خاچاطور آبوویان نویسنده,زادروز خاچاطور آبوویان نویسنده
روز جهانی غذا,روز جهانی غذا
چین نخستین بمب اتمی خود را آزمایش کرد و به پنجمین قدرت اتمی دنیا تبدیل شد.,چین نخستین بمب اتمی خود را آزمایش کرد و به پنجمین قدرت اتمی دنیا تبدیل شد.
زادروز یوجین اونیل نمایشنامه‌نویس برجستهٔ آمریکایی,زادروز یوجین اونیل نمایشنامه‌نویس برجستهٔ آمریکایی
درگذشت جورج مارشال ,درگذشت جورج مارشال 
روز جهانی ریشه کنی فقر,روز جهانی ریشه کنی فقر
حضور گروه موسیقی بیتلز برای نخستین بار در یک برنامه زنده تلویزیونی در شبکه «گِرِنادا» در شهر منچستر انگلستان,حضور گروه موسیقی بیتلز برای نخستین بار در یک برنامه زنده تلویزیونی در شبکه «گِرِنادا» در شهر منچستر انگلستان
درگذشت گوستاو کیرشهف فیزیکدان آلمانی,درگذشت گوستاو کیرشهف فیزیکدان آلمانی
شروع بکار وبگاه بانک اطلاعات اینترنتی فیلم‌ها (IMDB),شروع بکار وبگاه بانک اطلاعات اینترنتی فیلم‌ها (IMDB)
روز تربیت بدنی و ورزش,روز تربیت بدنی و ورزش
درگذشت توماس ادیسون,درگذشت توماس ادیسون
پرتاب فضاپیمای گالیله به فضا,پرتاب فضاپیمای گالیله به فضا
زادروز ابراهیم گلستان کارگردان,زادروز ابراهیم گلستان کارگردان
زادروز آنری برگسونفیلسوف وادیب مشهور فرانسوی,زادروز آنری برگسونفیلسوف وادیب مشهور فرانسوی
درگذشت سانتیاگو رامون کاخال‏ زیست‌شناس و پزشک اسپانیایی,درگذشت سانتیاگو رامون کاخال‏ زیست‌شناس و پزشک اسپانیایی
زادروز میگل آنخل آستوریاس شاعر و نویسندهٔ گواتمالائی,زادروز میگل آنخل آستوریاس شاعر و نویسندهٔ گواتمالائی
زادروز سابراهمانین چاندراسکار اخترفیزیک‌دان آمریکایی,زادروز سابراهمانین چاندراسکار اخترفیزیک‌دان آمریکایی
نخستین فرود هواپیمای کنکورد,نخستین فرود هواپیمای کنکورد
زادروز جان دیویی از معروفترین فیلسوفان آمریکایی قرن بیستم,زادروز جان دیویی از معروفترین فیلسوفان آمریکایی قرن بیستم
درگذشت برت لنکستر بازیگر و تهیه‌کنندهٔ آمریکایی,درگذشت برت لنکستر بازیگر و تهیه‌کنندهٔ آمریکایی
درگذشت پل دیراک فیزیکدان و ریاضیدان بریتانیایی,درگذشت پل دیراک فیزیکدان و ریاضیدان بریتانیایی
اعدام سرهنگ عزت‌الله سیامک به همراه ۹ تن دیگر به عنوان اولین گروه از افسران حزب توده بعد از ماجرای ۲۸ مرداد,اعدام سرهنگ عزت‌الله سیامک به همراه ۹ تن دیگر به عنوان اولین گروه از افسران حزب توده بعد از ماجرای ۲۸ مرداد
زادروز جیمز چدویک فیزیکدان بریتانیایی,زادروز جیمز چدویک فیزیکدان بریتانیایی
اختراع لامپ برق توسط توماس ادیسون,اختراع لامپ برق توسط توماس ادیسون
زادروز آلفرد نوبل ,زادروز آلفرد نوبل 
توافق اتمی کره شمالی و ایالات متحده آمریکا بر سر متوقف کردن ساخت جنگ‌افزار هسته‌ای,توافق اتمی کره شمالی و ایالات متحده آمریکا بر سر متوقف کردن ساخت جنگ‌افزار هسته‌ای
زادروز آلفونس دولامارتین شاعر,زادروز آلفونس دولامارتین شاعر
روز ملی کوهنورد,روز ملی کوهنورد
ولادت  امام محمد باقر علیه السلام,ولادت  امام محمد باقر علیه السلام
ساخت نخستین ماشین فتوکپی با نام زیراکس,ساخت نخستین ماشین فتوکپی با نام زیراکس
زادروز کلینتون دیویسون فیزیکدان آمریکایی,زادروز کلینتون دیویسون فیزیکدان آمریکایی
زادروز ایوان الکسیویچ بونین نویسنده و شاعر روس,زادروز ایوان الکسیویچ بونین نویسنده و شاعر روس
درگذشت آلبرت سنت-گیورگی ,درگذشت آلبرت سنت-گیورگی 
روز آمار و برنامه ریزی,روز آمار و برنامه ریزی
آغاز کار نخستین فرستنده تلویزیون دولتی ایران,آغاز کار نخستین فرستنده تلویزیون دولتی ایران
زادروز په له بازیکن سابق تیم ملی فوتبال برزیل ,زادروز په له بازیکن سابق تیم ملی فوتبال برزیل 
درگذشت هربرت هاپتمن ریاضی‌دان آمریکایی,درگذشت هربرت هاپتمن ریاضی‌دان آمریکایی
درگذشت ادوارد دویسی زیست‌شیمیدان آمریکایی,درگذشت ادوارد دویسی زیست‌شیمیدان آمریکایی
شهادت امام علی النقی الهادی علیه السلام,شهادت امام علی النقی الهادی علیه السلام
تأسیس سازمان ملل متحد,تأسیس سازمان ملل متحد
سقوط وال‌استریت در سال ۱۹۲۹ سقوط بازار سهام در بازار بورس نیویورک,سقوط وال‌استریت در سال ۱۹۲۹ سقوط بازار سهام در بازار بورس نیویورک
درگذشت لوئی رنو صنعت‌گر فرانسوی,درگذشت لوئی رنو صنعت‌گر فرانسوی
زادروز اواریست گالوا ریاضیدان فرانسوی,زادروز اواریست گالوا ریاضیدان فرانسوی
درگذشت فریدون مشیری شاعر ایرانی,درگذشت فریدون مشیری شاعر ایرانی
زادروز پابلو پیکاسو نقاش,زادروز پابلو پیکاسو نقاش
درگذشت محمد بن عبداللّه بنیان‌گذار و پیامبر اسلام,درگذشت محمد بن عبداللّه بنیان‌گذار و پیامبر اسلام
قتل حسن مجتبی امام سوم شیعیان توسط جعده دختر اشعث بن قیس کندی,قتل حسن مجتبی امام سوم شیعیان توسط جعده دختر اشعث بن قیس کندی
درگذشت کارلو کلودی نویسندهٔ کودک و نوجوان اهل ایتالیا,درگذشت کارلو کلودی نویسندهٔ کودک و نوجوان اهل ایتالیا
زادروز جیمز کوک دریانورد و کاشف انگلیسی,زادروز جیمز کوک دریانورد و کاشف انگلیسی
زادروز نیکولو پاگانینی آهنگساز و نوازنده زبردست ویولون اهل ایتالیا,زادروز نیکولو پاگانینی آهنگساز و نوازنده زبردست ویولون اهل ایتالیا
درگذشت وازگن سارگسیان فرمانده نظامی و سیاستمدار ارمنستانی,درگذشت وازگن سارگسیان فرمانده نظامی و سیاستمدار ارمنستانی
هجرت محمد (ص) از مکه به مدینه و انتخاب این روز به عنوان مبدأ تاریخ مسلمانان در دو تقویم هجری شمسی و هجری قمری,هجرت محمد (ص) از مکه به مدینه و انتخاب این روز به عنوان مبدأ تاریخ مسلمانان در دو تقویم هجری شمسی و هجری قمری
تاسیس دانشگاه هاروارد نخستین مؤسسه آموزش عالی در آمریکا,تاسیس دانشگاه هاروارد نخستین مؤسسه آموزش عالی در آمریکا
زادروز جوناس سالک پزشک آمریکایی,زادروز جوناس سالک پزشک آمریکایی
زادروز ویلیام هنری گیتس سوم مشهور به بیل گیتس مدیر شرکت مایکروسافت,زادروز ویلیام هنری گیتس سوم مشهور به بیل گیتس مدیر شرکت مایکروسافت
سالروز ورود کوروش بزرگ به بابل در سال ۵۳۹ پیش از میلاد,سالروز ورود کوروش بزرگ به بابل در سال ۵۳۹ پیش از میلاد
روز کوروش بزرگ: کوروش بزرگ بنیانگذار امپراتوری هخامنشیان در ایران,روز کوروش بزرگ: کوروش بزرگ بنیانگذار امپراتوری هخامنشیان در ایران
زادروز الن جانسون سیرلیف رئیس جمهور لیبریا,زادروز الن جانسون سیرلیف رئیس جمهور لیبریا
درگذشت جوزف پولیتزر روزنامه‌نگار معروف آمریکایی,درگذشت جوزف پولیتزر روزنامه‌نگار معروف آمریکایی
روز نوجوان,روز نوجوان
زادروز تئودور هانش فیزیکدان آلمانی,زادروز تئودور هانش فیزیکدان آلمانی
زادروز آیدین آغداشلو نقاش,زادروز آیدین آغداشلو نقاش
درگذشت هنری دونانت تاجر و فعال اجتماعی سوئیسی,درگذشت هنری دونانت تاجر و فعال اجتماعی سوئیسی
ولادت امام محمد تقی علیه السلام,ولادت امام محمد تقی علیه السلام
ترور ایندیرا گاندی نخست وزیر و یکی از برجسته‌ترین و بحث‌برانگیزترین رهبران هند,ترور ایندیرا گاندی نخست وزیر و یکی از برجسته‌ترین و بحث‌برانگیزترین رهبران هند
زادروز جان کیتس شاعر برجستهٔ انگلیسی,زادروز جان کیتس شاعر برجستهٔ انگلیسی
درگذشت محمد زکریای رازی پزشک,درگذشت محمد زکریای رازی پزشک
آبان روز,آبان روز
ویلیام شکسپیر نمایشنامه «اُتلو» را برای نخستین بار در کاخ «وایت هال» لندن به روی صحنه آورد.,ویلیام شکسپیر نمایشنامه «اُتلو» را برای نخستین بار در کاخ «وایت هال» لندن به روی صحنه آورد.
زادروز رابرت لافلین فیزیکدان آمریکایی,زادروز رابرت لافلین فیزیکدان آمریکایی
درگذشت تئودور مومسن تاریخ‌دان,درگذشت تئودور مومسن تاریخ‌دان
درگذشت پیتر دبای دانشمند هلندی,درگذشت پیتر دبای دانشمند هلندی
زادروز جرج بول ,زادروز جرج بول 
زادروز میکائیل نالباندیان شاعر,زادروز میکائیل نالباندیان شاعر
درگذشت پیتر دبای دانشمند هلندی,درگذشت پیتر دبای دانشمند هلندی
ولادت امام علی علیه السلام و روز پدر,ولادت امام علی علیه السلام و روز پدر
اسپوتنیک ۲,اسپوتنیک ۲
زادروز آمارتیا سن برندهٔ هندی جایزه نوبل اقتصاد,زادروز آمارتیا سن برندهٔ هندی جایزه نوبل اقتصاد
الیمپ دگوژ نمایشنامه‌ نویس,الیمپ دگوژ نمایشنامه‌ نویس
روز دانش آموز,روز دانش آموز
تولد فردریک بانتینگ کاشف انسولین,تولد فردریک بانتینگ کاشف انسولین
درگذشت نورمن فاستر رمزی ,درگذشت نورمن فاستر رمزی 
درگذشت مایکل کرایتون نویسنده,درگذشت مایکل کرایتون نویسنده
روز فرهنگ عمومی,روز فرهنگ عمومی
وفات حضرت زینب سلام الله علیها,وفات حضرت زینب سلام الله علیها
زادروز محمدرضا اسحاقی گرجی,زادروز محمدرضا اسحاقی گرجی
زادروز پل ساباتیه شیمیدان فرانسوی,زادروز پل ساباتیه شیمیدان فرانسوی
درگذشت آیزایا برلین فیلسوف سیاسی,درگذشت آیزایا برلین فیلسوف سیاسی
جشن میانه پاییز,جشن میانه پاییز
آبراهام لینکلن برای یک دوره چهارساله به ریاست جمهوری ایالات متحده انتخاب شد,آبراهام لینکلن برای یک دوره چهارساله به ریاست جمهوری ایالات متحده انتخاب شد
درگذشت هانس فون اوبر شلپین بیوشیمیست آلمانی,درگذشت هانس فون اوبر شلپین بیوشیمیست آلمانی
تولد ماری کوری کاشف پولونیم و رادیوم,تولد ماری کوری کاشف پولونیم و رادیوم
زادروز ماری کوری فیزیکدان و شیمی‌دان لهستانی,زادروز ماری کوری فیزیکدان و شیمی‌دان لهستانی
زادروز ماری کوری فیزیکدان و شیمی‌دان لهستانی,زادروز ماری کوری فیزیکدان و شیمی‌دان لهستانی
زادروز محمدتقی بهار ملقب به ملک‌الشعرا,زادروز محمدتقی بهار ملقب به ملک‌الشعرا
زادروز ماری کوری ,زادروز ماری کوری 
درگذشت استیو مک‌کوئین بازیگر آمریکایی,درگذشت استیو مک‌کوئین بازیگر آمریکایی
روز ملی کیفیت,روز ملی کیفیت
زادروز کریستف کلمب تاجر و دریانورد اسپانیایی,زادروز کریستف کلمب تاجر و دریانورد اسپانیایی
زادروز محمد اقبال شاعر و فیلسوف بزرگ زبان فارسی,زادروز محمد اقبال شاعر و فیلسوف بزرگ زبان فارسی
تأسیس پلیس صلح بین‌ الملل,تأسیس پلیس صلح بین‌ الملل
زادروز فریدریش شیلر  نمایش‌نامه‌نویس و شاعر آلمانی,زادروز فریدریش شیلر  نمایش‌نامه‌نویس و شاعر آلمانی
زادروز فیودور میخاییلوویچ داستایوسکی نویسندهٔ سرشناس و تأثیرگذار روس,زادروز فیودور میخاییلوویچ داستایوسکی نویسندهٔ سرشناس و تأثیرگذار روس
درگذشت آرتوری ایلماری ویرتانن شیمیدان فنلاندی,درگذشت آرتوری ایلماری ویرتانن شیمیدان فنلاندی
زادروز نیما یوشیج پدر شعر نو پارسی,زادروز نیما یوشیج پدر شعر نو پارسی
زادروز جان استرات ,زادروز جان استرات 
درگذشت هاراطون داویدیان بنیانگذار روانپزشکی درایران,درگذشت هاراطون داویدیان بنیانگذار روانپزشکی درایران
زادروز ادوارد دویسی زیست‌شیمیدان آمریکایی,زادروز ادوارد دویسی زیست‌شیمیدان آمریکایی
زادروز رابرت لویی استیونسن نویسندهٔ اسکاتلندی,زادروز رابرت لویی استیونسن نویسندهٔ اسکاتلندی
روز جهانی دیابت,روز جهانی دیابت
درگذشت سعید نفیسی,درگذشت سعید نفیسی
روز کتاب و کتابخوانی,روز کتاب و کتابخوانی
شهادت امام موسی کاظم علیه السلام,شهادت امام موسی کاظم علیه السلام
درگذشت هنری تاب شیمیدان آمریکایی کانادایی,درگذشت هنری تاب شیمیدان آمریکایی کانادایی
درگذشت میلتون فریدمن اقتصاددان آمریکایی,درگذشت میلتون فریدمن اقتصاددان آمریکایی
مبعث  رسول اکرم,مبعث  رسول اکرم
اختراع «موشواره» برای رایانه توسط دکتر داگلاس انگلبارت.,اختراع «موشواره» برای رایانه توسط دکتر داگلاس انگلبارت.
زادروز مارتین اسکورسیزی ,زادروز مارتین اسکورسیزی 
درگذشت والتر نرنست شیمیدان آلمانی,درگذشت والتر نرنست شیمیدان آلمانی
زادروز لوئی داگر نقاش,زادروز لوئی داگر نقاش
روز جهانی فلسفه,روز جهانی فلسفه
درگذشت ستارخان ملقب به سردار ملی از سرداران جنبش مشروطه ایران,درگذشت ستارخان ملقب به سردار ملی از سرداران جنبش مشروطه ایران
درگذشت فرانتس شوبرت موسیقیدان اتریشی,درگذشت فرانتس شوبرت موسیقیدان اتریشی
زادروز ایندیرا گاندی ,زادروز ایندیرا گاندی 
روز جهانی آقایان,روز جهانی آقایان
روز جهانی کودک,روز جهانی کودک
درگذشت لئو تولستوی نویسنده و فعال سیاسی و اجتماعی روس,درگذشت لئو تولستوی نویسنده و فعال سیاسی و اجتماعی روس
زادروز نادین گوردیمر نویسنده و فعال سیاسی اهل آفریقای جنوبی,زادروز نادین گوردیمر نویسنده و فعال سیاسی اهل آفریقای جنوبی
نخستین پرواز ثبت‌شده انسان با بالون توسط برادران مون‌گلفیه در پاریس,نخستین پرواز ثبت‌شده انسان با بالون توسط برادران مون‌گلفیه در پاریس
زادروز ولتر,زادروز ولتر
آذر جشن,آذر جشن
درگذشت هانس آدولف کربس پزشک و زیست‌شیمیدان بریتانیایی-آلمانی,درگذشت هانس آدولف کربس پزشک و زیست‌شیمیدان بریتانیایی-آلمانی
ولادت سالار شهیدان,ولادت سالار شهیدان
درگذشت غلامحسین درویش معروف به «درویش‌خان»,درگذشت غلامحسین درویش معروف به «درویش‌خان»
زادروز یوهان دیدریک وان در والس دانشمند و ترمودینامیک‌دان هلندی,زادروز یوهان دیدریک وان در والس دانشمند و ترمودینامیک‌دان هلندی
ولادت ابوالفضل العباس علیه السلام و روز جانباز,ولادت ابوالفضل العباس علیه السلام و روز جانباز
زادروز کیهان کلهر آهنگساز و نوازندهٔ برجسته ایرانی,زادروز کیهان کلهر آهنگساز و نوازندهٔ برجسته ایرانی
زادروز باروخ اسپینوزا ,زادروز باروخ اسپینوزا 
ولادت امام زین العابدین علیه السلام,ولادت امام زین العابدین علیه السلام
ارائه نظریه نسبیت عام توسط آلبرت انیشتین,ارائه نظریه نسبیت عام توسط آلبرت انیشتین
روز جهانی مبارزه با خشونت علیه زنان,روز جهانی مبارزه با خشونت علیه زنان
زادروز کارل بنز مهندس آلمانی ,زادروز کارل بنز مهندس آلمانی 
درگذشت جبار باغچه‌بان بنیان‌گذار نخستین کودکستان و نخستین مدرسه ناشنوایان ایران,درگذشت جبار باغچه‌بان بنیان‌گذار نخستین کودکستان و نخستین مدرسه ناشنوایان ایران
روز بسیج مستضعفان,روز بسیج مستضعفان
درگذشت هاینریش هرتز,درگذشت هاینریش هرتز
درگذشت یوجین اونیل نمایشنامه‌نویس آمریکایی,درگذشت یوجین اونیل نمایشنامه‌نویس آمریکایی
درگذشت ایدا لاولیس ریاضیدان انگلیسی,درگذشت ایدا لاولیس ریاضیدان انگلیسی
روز نیروی دریایی,روز نیروی دریایی
زادروز ویلیام بلیک شاعر و نقاش بریتانیایی,زادروز ویلیام بلیک شاعر و نقاش بریتانیایی
زادروز کلود لوی-استروس قوم‌شناس و انسان‌شناس فرانسوی,زادروز کلود لوی-استروس قوم‌شناس و انسان‌شناس فرانسوی
درگذشت یقیشه چارنتس شاعر,درگذشت یقیشه چارنتس شاعر
زادروز گائتانو دونیزتی آهنگساز ایتالیایی,زادروز گائتانو دونیزتی آهنگساز ایتالیایی
جشن آذرگان ,جشن آذرگان 
زادروز تئودور مومسن تاریخدان,زادروز تئودور مومسن تاریخدان
زادروز مارک توین نویسندهٔ آمریکایی,زادروز مارک توین نویسندهٔ آمریکایی
روز مجلس,روز مجلس
ولادت علی اکبر علیه السلام و روز جوان,ولادت علی اکبر علیه السلام و روز جوان
روز جهانی ایدز,روز جهانی ایدز
مراسم تاج‌گذاری ناپلئون بُناپارت به عنوان امپراتور فرانسه در کلیسای نوتردام پاریس برگزار شد.,مراسم تاج‌گذاری ناپلئون بُناپارت به عنوان امپراتور فرانسه در کلیسای نوتردام پاریس برگزار شد.
کشته شدن میرزا کوچک خان جنگلی مبارز و رهبر جنبش ملی جنگل,کشته شدن میرزا کوچک خان جنگلی مبارز و رهبر جنبش ملی جنگل
درگذشت لوییز اف لیلویر بیوشیمیست آرژانتینی,درگذشت لوییز اف لیلویر بیوشیمیست آرژانتینی
روز جهانی معلولان,روز جهانی معلولان
درگذشت کلود شابرول کارگردان فرانسوی,درگذشت کلود شابرول کارگردان فرانسوی
زادروز کیم دای جونگ رئیس‌جمهور کره جنوبی از سال ۱۹۹۸ تا ۲۰۰۳,زادروز کیم دای جونگ رئیس‌جمهور کره جنوبی از سال ۱۹۹۸ تا ۲۰۰۳
رسمی شدن قانون اساسی جمهوری اسلامی ایران,رسمی شدن قانون اساسی جمهوری اسلامی ایران
روز بیمه,روز بیمه
زادروز توماس کارلایل ,زادروز توماس کارلایل 
درگذشت توماس هانت مورگان زیست‌شناس آمریکایی,درگذشت توماس هانت مورگان زیست‌شناس آمریکایی
ولادت حضرت قائم عجل الله تعالی فرجه و جشن نیمه شعبان,ولادت حضرت قائم عجل الله تعالی فرجه و جشن نیمه شعبان
درگذشت نلسون ماندلا نخستین رئیس جمهور آفریقای جنوبی,درگذشت نلسون ماندلا نخستین رئیس جمهور آفریقای جنوبی
روز حسابدار,روز حسابدار
زادروز جرج پرتر شیمیدان انگلیسی,زادروز جرج پرتر شیمیدان انگلیسی
روز دانشجو,روز دانشجو
کناره گیری رضا شاه از سلطنت به نفع پسرش محمدرضا پهلوی در پی اشغال ایران در جنگ جهانی دوم توسط نیروهای متفقین,کناره گیری رضا شاه از سلطنت به نفع پسرش محمدرضا پهلوی در پی اشغال ایران در جنگ جهانی دوم توسط نیروهای متفقین
درگذشت الی دوکامن,درگذشت الی دوکامن
زادروز داریوش مهرجویی کارگردان,زادروز داریوش مهرجویی کارگردان
زادروز ژان سیبلیوس,زادروز ژان سیبلیوس
درگذشت جرج بول ریاضیدان و فیلسوف انگلیسی,درگذشت جرج بول ریاضیدان و فیلسوف انگلیسی
زادروز فریتس هابر شیمیدان آلمانی,زادروز فریتس هابر شیمیدان آلمانی
درگذشت گوستاف دالن کارخانه‌دار سوئدی,درگذشت گوستاف دالن کارخانه‌دار سوئدی
زادروز حیدر رقابی متخلص به هاله از شاعران معاصر اهل ایران,زادروز حیدر رقابی متخلص به هاله از شاعران معاصر اهل ایران
زادروز ایدا لاولیس ,زادروز ایدا لاولیس 
درگذشت آلفرد نوبل شیمیدان,درگذشت آلفرد نوبل شیمیدان
زادروز نجیب محفوظ نویسنده و نمایشنامه‌نویس مصری,زادروز نجیب محفوظ نویسنده و نمایشنامه‌نویس مصری
درگذشت ونسانت دو وینیو بیوشیمیدان آمریکایی,درگذشت ونسانت دو وینیو بیوشیمیدان آمریکایی
درگذشت ابوالحسن صدیقی نقاش و مجسمه‌ساز برجستهٔ ایرانی,درگذشت ابوالحسن صدیقی نقاش و مجسمه‌ساز برجستهٔ ایرانی
روز جهانی کوه نوردی,روز جهانی کوه نوردی
زادروز احمد شاملو شاعر و نویسنده و مترجم ایرانی,زادروز احمد شاملو شاعر و نویسنده و مترجم ایرانی
زادروز آلفرد ورنر شیمیدان سوئیسی,زادروز آلفرد ورنر شیمیدان سوئیسی
درگذشت ویکتور گرینیارد شیمیدان فرانسوی,درگذشت ویکتور گرینیارد شیمیدان فرانسوی
درگذشت پل ساموئلسون اقتصاددان اهل ایالات متحده آمریکا,درگذشت پل ساموئلسون اقتصاددان اهل ایالات متحده آمریکا
درگذشت ویسنته آله‌ایخاندره شاعر برجستهٔ متولد کشور اسپانیا,درگذشت ویسنته آله‌ایخاندره شاعر برجستهٔ متولد کشور اسپانیا
زادروز تیکو براهه,زادروز تیکو براهه
زادروز آنری بکرل فیزیکدان فرانسوی,زادروز آنری بکرل فیزیکدان فرانسوی
درگذشت ولفگانگ پائولی فیزیکدان بلندپایه اتریشی,درگذشت ولفگانگ پائولی فیزیکدان بلندپایه اتریشی
روز پژوهش,روز پژوهش
درگذشت ویلیام سامرست موآم,درگذشت ویلیام سامرست موآم
روز حمل و نقل,روز حمل و نقل
زادروز لودویگ فان بتهوون,زادروز لودویگ فان بتهوون
زادروز ویلی برانت سیاستمدار آلمانی,زادروز ویلی برانت سیاستمدار آلمانی
زادروز استیون اسپیلبرگ کارگردان,زادروز استیون اسپیلبرگ کارگردان
زادروز آلبرت آبراهام مایکلسون فیزیکدان آمریکایی روس‌تبار,زادروز آلبرت آبراهام مایکلسون فیزیکدان آمریکایی روس‌تبار
درگذشت رابرت میلیکان فیزیکدان برجستهٔ آمریکایی,درگذشت رابرت میلیکان فیزیکدان برجستهٔ آمریکایی
زادروز دیوید بوهم فیزیک دان مشهور آمریکایی,زادروز دیوید بوهم فیزیک دان مشهور آمریکایی
زادروز یاروسلاو هیروفسکی شیمیدان و مخترع اهل جمهوری چک,زادروز یاروسلاو هیروفسکی شیمیدان و مخترع اهل جمهوری چک
درگذشت جان استاینبک نویسندهٔ آمریکایی,درگذشت جان استاینبک نویسندهٔ آمریکایی
جشن شب یلدا,جشن شب یلدا
روز میلاد خورشید؛ جشن خرم روز,روز میلاد خورشید؛ جشن خرم روز
درگذشت آنتونی فوکر بنیانگذار شرکت فوکر,درگذشت آنتونی فوکر بنیانگذار شرکت فوکر
زادروز احمد محمود نویسندهٔ معاصر ایرانی,زادروز احمد محمود نویسندهٔ معاصر ایرانی
درگذشت اکبر رادی نمایشنامه نویس ایرانی,درگذشت اکبر رادی نمایشنامه نویس ایرانی
جشن کریسمس,جشن کریسمس
زادروز اسحاق نیوتن فیزیکدان و ریاضیدان انگلیسی,زادروز اسحاق نیوتن فیزیکدان و ریاضیدان انگلیسی
درگذشت چارلی چاپلین بازیگر,درگذشت چارلی چاپلین بازیگر
سالروز زمین لرزه ی بم در سال 1۳۸۲,سالروز زمین لرزه ی بم در سال 1۳۸۲
سالروز شهادت آشو زرتشت,سالروز شهادت آشو زرتشت
زادروز یوهانس کپلر دانشمند,زادروز یوهانس کپلر دانشمند
زادروز فروغ فرخزاد شاعر ایرانی,زادروز فروغ فرخزاد شاعر ایرانی
درگذشت سوزان سونتاگ نویسنده,درگذشت سوزان سونتاگ نویسنده
دی به آذر روز,دی به آذر روز
زادروز فروغ فرخزاد شاعر ایرانی,زادروز فروغ فرخزاد شاعر ایرانی
درگذشت کارل اشپیتلر شاعر سوئیسی,درگذشت کارل اشپیتلر شاعر سوئیسی
زادروز رونالد کوز,زادروز رونالد کوز
درگذشت رومن رولان نویسنده فرانسوی,درگذشت رومن رولان نویسنده فرانسوی
زادروز فرانسیس-آندره وینسنت نقاش فرانسوی,زادروز فرانسیس-آندره وینسنت نقاش فرانسوی
درگذشت جرارد دبرو اقتصاددان و ریاضیدان فرانسوی,درگذشت جرارد دبرو اقتصاددان و ریاضیدان فرانسوی
زادروز لیلیت تریان مجسمه‌ساز ایرانی,زادروز لیلیت تریان مجسمه‌ساز ایرانی
جشن آغاز سال نو میلادی,جشن آغاز سال نو میلادی
روز حافظ,روز حافظ
ولادت امام حسن مجتبی علیه السلام,ولادت امام حسن مجتبی علیه السلام
درگذشت نیما یوشیج پدر شعر نو پارسی,درگذشت نیما یوشیج پدر شعر نو پارسی
شهادت سردار حاج قاسم سلیمانی,شهادت سردار حاج قاسم سلیمانی
زادروز جان رونالد روئل تالکین,زادروز جان رونالد روئل تالکین
درگذشت جک رابی عامل ترور لی هاروی (عامل ترورجان اف. کندی رئیس‌جمهور ایالات متحده آمریکا),درگذشت جک رابی عامل ترور لی هاروی (عامل ترورجان اف. کندی رئیس‌جمهور ایالات متحده آمریکا)
زادروز لوئی بریل ابداع کنندهٔ خط بریل,زادروز لوئی بریل ابداع کنندهٔ خط بریل
دی به مهر روز,دی به مهر روز
زادروز شاه جهان پنجمین امپراتور سلسله گورکانیان هند,زادروز شاه جهان پنجمین امپراتور سلسله گورکانیان هند
کشته شدن منصور ستاری از فرماندهان نیروی هوایی ارتش جمهوری اسلامی ایران,کشته شدن منصور ستاری از فرماندهان نیروی هوایی ارتش جمهوری اسلامی ایران
شب قدر,شب قدر
زادروز جبران خلیل جبران نویسندهٔ سرشناس آمریکایی لبنانی‌الاصل,زادروز جبران خلیل جبران نویسندهٔ سرشناس آمریکایی لبنانی‌الاصل
درگذشت لوئی بریل ابداع کننده خط بریل,درگذشت لوئی بریل ابداع کننده خط بریل
غرق شدن کشتی سانچی,غرق شدن کشتی سانچی
ضربت خوردن حضرت علی علیه السلام,ضربت خوردن حضرت علی علیه السلام
اعدام بابک خرمدین به دست معتصم,اعدام بابک خرمدین به دست معتصم
درگذشت نیکولا تسلا ,درگذشت نیکولا تسلا 
زادروز استیون هاوکینگ فیزیکدان و کیهان‌شناس بریتانیایی,زادروز استیون هاوکینگ فیزیکدان و کیهان‌شناس بریتانیایی
درگذشت گالیلئو گالیله دانشمند و مخترع سرشناس ایتالیائی,درگذشت گالیلئو گالیله دانشمند و مخترع سرشناس ایتالیائی
شلیک به پرواز ۷۵۲ هواپیمایی اوکراین [1۳۹۸ خورشیدی],شلیک به پرواز ۷۵۲ هواپیمایی اوکراین [1۳۹۸ خورشیدی]
شهادت حضرت علی علیه السلام,شهادت حضرت علی علیه السلام
زادروز سیمون دو بووار فیلسوف و نویسندهٔ فمینیست فرانسوی,زادروز سیمون دو بووار فیلسوف و نویسندهٔ فمینیست فرانسوی
درگذشت جیمز مک‌گیل بیوکنن اقتصاددان آمریکایی,درگذشت جیمز مک‌گیل بیوکنن اقتصاددان آمریکایی
درگذشت اکبر هاشمی رفسنجانی,درگذشت اکبر هاشمی رفسنجانی
شب قدر,شب قدر
قتل امیرکبیر به دستور ناصرالدین شاه قاجار,قتل امیرکبیر به دستور ناصرالدین شاه قاجار
درگذشت گابریلا میسترال شاعر,درگذشت گابریلا میسترال شاعر
درگذشت کارل دیوید آندرسون فیزیکدان آمریکایی,درگذشت کارل دیوید آندرسون فیزیکدان آمریکایی
زادروز جک لندن نویسنده آمریکایی,زادروز جک لندن نویسنده آمریکایی
زادروز محسن هشترودی ریاضی‌دان,زادروز محسن هشترودی ریاضی‌دان
دی به دین روز,دی به دین روز
زادروز ویلهلم وین فیزیکدان آلمانی,زادروز ویلهلم وین فیزیکدان آلمانی
زادروز آلبرت شوایتسر پزشک و موسیقیدان آلمانی,زادروز آلبرت شوایتسر پزشک و موسیقیدان آلمانی
درگذشت ادموند هالی منجم,درگذشت ادموند هالی منجم
موزه بریتانیا در لندن برای بازدید عموم گشایش یافت,موزه بریتانیا در لندن برای بازدید عموم گشایش یافت
نخستین مکالمه تلفنی میان نیویورک و سانفرانسیسکو برقرار شد.,نخستین مکالمه تلفنی میان نیویورک و سانفرانسیسکو برقرار شد.
ویکی‌پدیای انگلیسی بزرگترین و قدیمی‌ترین نسخه دانشنامه ویکی‌پدیا آغاز به کار کرد.,ویکی‌پدیای انگلیسی بزرگترین و قدیمی‌ترین نسخه دانشنامه ویکی‌پدیا آغاز به کار کرد.
درگذشت آرتورو توسکانینی  آهنگساز و موسیقی‌دان و رهبر ارکستر ایتالیایی.,درگذشت آرتورو توسکانینی  آهنگساز و موسیقی‌دان و رهبر ارکستر ایتالیایی.
اجرای توافق نامه‌ی برجام,اجرای توافق نامه‌ی برجام
عید سعید فطر,عید سعید فطر
زادروز یوایچیرو نامبو فیزیکدان ژاپنی-آمریکایی,زادروز یوایچیرو نامبو فیزیکدان ژاپنی-آمریکایی
درگذشت رودیارد کیپلینگ نویسنده و رمان‌نویس اهل کشور انگلستان با اصلیت هندی,درگذشت رودیارد کیپلینگ نویسنده و رمان‌نویس اهل کشور انگلستان با اصلیت هندی
تعطیل به مناسبت عید سعید فطر,تعطیل به مناسبت عید سعید فطر
برای اولین بار,برای اولین بار
درگذشت اشو عارف,درگذشت اشو عارف
کشف اشعه ایکس توسط ویلهلم کنراد رونتگن فیزیکدان آلمانی.,کشف اشعه ایکس توسط ویلهلم کنراد رونتگن فیزیکدان آلمانی.
زادروز یوهانس ویلهلم ینسن نویسنده دانمارکی,زادروز یوهانس ویلهلم ینسن نویسنده دانمارکی
آتش‌سوزی و فروریختن ساختمان پلاسکو,آتش‌سوزی و فروریختن ساختمان پلاسکو
زادروز فردوسی,زادروز فردوسی
درگذشت جرج اورول,درگذشت جرج اورول
بهمن روز,بهمن روز
زادروز لو لانداو فیزیکدان اهل شوروی,زادروز لو لانداو فیزیکدان اهل شوروی
زادروز درک والکوت شاعر و نمایشنامه نویس انگلیسی,زادروز درک والکوت شاعر و نمایشنامه نویس انگلیسی
درگذشت سالوادور دالی,درگذشت سالوادور دالی
جشن نوسره,جشن نوسره
زادروز رابرت بویل,زادروز رابرت بویل
درگذشت ادوارد جنر,درگذشت ادوارد جنر
درگذشت نیکلاوس اتو,درگذشت نیکلاوس اتو
زادروز ولفگانگ آمادئوس موتسارت,زادروز ولفگانگ آمادئوس موتسارت
درگذشت یوهان گوتلیب فیشته,درگذشت یوهان گوتلیب فیشته
درگذشت ویلیام باتلر ییتس,درگذشت ویلیام باتلر ییتس
زادروز آنتوان چخوف,زادروز آنتوان چخوف
درگذشت فریتس هابر,درگذشت فریتس هابر
جشن سده,جشن سده
درگذشت ماهاتما گاندی,درگذشت ماهاتما گاندی
درگذشت جان گالزورثی,درگذشت جان گالزورثی
بازگشت امام خمینی (ره) به ایران,بازگشت امام خمینی (ره) به ایران
درگذشت ورنر کارل هایزنبرگ,درگذشت ورنر کارل هایزنبرگ
زادروز امیلیو گینو سگر,زادروز امیلیو گینو سگر
درگذشت دمیتری مندلیف,درگذشت دمیتری مندلیف
زادروز جیمز جویس,زادروز جیمز جویس
زادروز فلیکس مندلسون,زادروز فلیکس مندلسون
درگذشت آگوست هورش,درگذشت آگوست هورش
جشن میانه زمستان,جشن میانه زمستان
زادروز رابرت هافستاتر,زادروز رابرت هافستاتر
درگذشت واسیلی لئونتیف,درگذشت واسیلی لئونتیف
زادروز فرانسوا تروفو,زادروز فرانسوا تروفو
درگذشت گوستاو کلیمت,درگذشت گوستاو کلیمت
زادروز چارلز دیکنز نویسندهٔ انگلیسی,زادروز چارلز دیکنز نویسندهٔ انگلیسی
زادروز گادفری هارولد هاردی ریاضیدان انگلیسی,زادروز گادفری هارولد هاردی ریاضیدان انگلیسی
روز نیروی هوایی,روز نیروی هوایی
زادروز ژول ورن,زادروز ژول ورن
زادروز دمیتری مندلیف,زادروز دمیتری مندلیف
روز جهانی کودک,روز جهانی کودک
درگذشت فئودور داستایوسکی,درگذشت فئودور داستایوسکی
زادروز جان ماکسول کوئتزه,زادروز جان ماکسول کوئتزه
زادروز والتر هاوسر براتین,زادروز والتر هاوسر براتین
درگذشت ویلهلم کنراد رونتگن,درگذشت ویلهلم کنراد رونتگن
پیروزی انقلاب اسلامی,پیروزی انقلاب اسلامی
شهادت امام جعفر صادق علیه السلام,شهادت امام جعفر صادق علیه السلام
تولد توماس ادیسون,تولد توماس ادیسون
حمله به سفارت روسیه و قتل گریبایدوف سفیر روسیه تزاری در ایران,حمله به سفارت روسیه و قتل گریبایدوف سفیر روسیه تزاری در ایران
زادروز چارلز داروین بنیانگذار نظریه‌ی فرگشت از طریق انتخاب طبیعی,زادروز چارلز داروین بنیانگذار نظریه‌ی فرگشت از طریق انتخاب طبیعی
زادروز جولیان شوینگر,زادروز جولیان شوینگر
زادروز ویلیام شاکلی,زادروز ویلیام شاکلی
درگذشت ریشارد واگنر,درگذشت ریشارد واگنر
روز ولنتاین,روز ولنتاین
ثبت اختراع تلفن توسط الکساندر گراهام بل,ثبت اختراع تلفن توسط الکساندر گراهام بل
زادروز چارلز تامسون ریس ویلسون,زادروز چارلز تامسون ریس ویلسون
زادروز گالیلئو گالیله,زادروز گالیلئو گالیله
درگذشت اون ویلانز ریچاردسون,درگذشت اون ویلانز ریچاردسون
زادروز ارنست هکل,زادروز ارنست هکل
درگذشت فرانسیس راوس,درگذشت فرانسیس راوس
ولادت حضرت معصومه سلام الله علیها و روز دختران,ولادت حضرت معصومه سلام الله علیها و روز دختران
زادروز آرکانجلو کورلی,زادروز آرکانجلو کورلی
درگذشت مسروب ماشتوتس,درگذشت مسروب ماشتوتس
جشن سپندارمذگان و روز عشق,جشن سپندارمذگان و روز عشق
درگذشت رابرت کلمن ریچاردسون,درگذشت رابرت کلمن ریچاردسون
زادروز سوانت آرنیوس,زادروز سوانت آرنیوس
زادروز جرج اسموت,زادروز جرج اسموت
درگذشت ماریا ژئوپرت مایر,درگذشت ماریا ژئوپرت مایر
روز جهانی زبان مادری,روز جهانی زبان مادری
درگذشت فردریک بانتینگ کاشف انسولین,درگذشت فردریک بانتینگ کاشف انسولین
درگذشت هایک کامرلینگ اونس,درگذشت هایک کامرلینگ اونس
درگذشت میخائیل شولوخف,درگذشت میخائیل شولوخف
زادروز فردریک شوپن,زادروز فردریک شوپن
درگذشت فردینان دو سوسور,درگذشت فردینان دو سوسور
درگذشت کارل فریدریش گاوس,درگذشت کارل فریدریش گاوس
روز بزرگداشت زمین و بانوان,روز بزرگداشت زمین و بانوان
روز بزرگداشت خواجه نصیر الدین طوسی و روز مهندس,روز بزرگداشت خواجه نصیر الدین طوسی و روز مهندس
درگذشت تئودور سودبرگ شیمیدان سوئدی؛ برندهٔ جایزه نوبل شیمی سال ۱۹۲۶,درگذشت تئودور سودبرگ شیمیدان سوئدی؛ برندهٔ جایزه نوبل شیمی سال ۱۹۲۶
درگذشت گلن سیبورگ,درگذشت گلن سیبورگ
سالروز استقلال کانون وکلای دادگستری و روز وکیل مدافع,سالروز استقلال کانون وکلای دادگستری و روز وکیل مدافع
سالروز درگذشت علی اکبر دهخدا,سالروز درگذشت علی اکبر دهخدا
ولادت امام  رضا علیه السلام,ولادت امام  رضا علیه السلام
زادروز لینوس پاولینگ,زادروز لینوس پاولینگ
درگذشت دونالد آرتور گلایزر,درگذشت دونالد آرتور گلایزر
درگذشت هاوارد کارتر باستان‌شناس و مصرشناس بریتانیایی,درگذشت هاوارد کارتر باستان‌شناس و مصرشناس بریتانیایی
زادروز الکساندر گراهام بل مخترع تلفن,زادروز الکساندر گراهام بل مخترع تلفن
درگذشت دکتر محمد مصدق,درگذشت دکتر محمد مصدق
روز درختکاری,روز درختکاری
زادروز گابریل گارسیا مارکز رمان‌نویس,زادروز گابریل گارسیا مارکز رمان‌نویس
درگذشت ادوارد میلز پورسل فیزیکدان آمریکایی برندهٔ جایزه نوبل فیزیک سال ۱۹۵۲,درگذشت ادوارد میلز پورسل فیزیکدان آمریکایی برندهٔ جایزه نوبل فیزیک سال ۱۹۵۲
روزجهانی زنان,روزجهانی زنان
زادروز یوری گاگارین,زادروز یوری گاگارین
درگذشت الکساندر فلمینگ کاشف پنی‌سیلین,درگذشت الکساندر فلمینگ کاشف پنی‌سیلین
زادروز منصور نریمان نوازندهٔ بربط,زادروز منصور نریمان نوازندهٔ بربط
زادروز فرهاد فخرالدینی موسیقیدان,زادروز فرهاد فخرالدینی موسیقیدان
درگذشت ویلیام هنری براگ فیزیک‌دان و شیمی‌دان بریتانیایی,درگذشت ویلیام هنری براگ فیزیک‌دان و شیمی‌دان بریتانیایی
تولد آلبرت انیشتین,تولد آلبرت انیشتین
درگذشت ویلیام آلفرد فاولر اخترفیزیک‌دان آمریکایی,درگذشت ویلیام آلفرد فاولر اخترفیزیک‌دان آمریکایی
درگذشت علی تجویدی,درگذشت علی تجویدی
پایان سرایش شاهنامه,پایان سرایش شاهنامه
زادروز ریچارد استالمن,زادروز ریچارد استالمن
درگذشت سلما لاگرلوف نویسنده سوئدی,درگذشت سلما لاگرلوف نویسنده سوئدی
زادروز پروین اعتصامی شاعر ایرانی,زادروز پروین اعتصامی شاعر ایرانی
درگذشت ایرن ژولیو-کوری فیزیک‌دان و شیمی‌دان فرانسوی,درگذشت ایرن ژولیو-کوری فیزیک‌دان و شیمی‌دان فرانسوی
شهادت امام محمد تقی علیه السلام,شهادت امام محمد تقی علیه السلام
فضانورد روس,فضانورد روس
درگذشت اریش فروم روانکاو و فیلسوف اجتماعی آمریکایی آلمانی تبار,درگذشت اریش فروم روانکاو و فیلسوف اجتماعی آمریکایی آلمانی تبار
روز ملی شدن صنعت نفت ایران,روز ملی شدن صنعت نفت ایران
روز جهانی شادی,روز جهانی شادی
